{"schemaVersion":"1.0","appDefinitionTemplate":{"id":"/providers/Microsoft.PowerApps/apps/","type":"Microsoft.PowerApps/apps","tags":{"primaryDeviceWidth":"1366","primaryDeviceHeight":"768","supportsPortrait":"true","supportsLandscape":"true","primaryFormFactor":"Tablet","showStatusBar":"false","publisherVersion":"3.24024.12","minimumRequiredApiVersion":"2.2.0","hasComponent":"true","hasUnlockedComponent":"true","isUnifiedRootApp":"false","offlineLargeFilesSupport":"false","sienaVersion":"20240312T091015Z-3.24024.12.0"},"properties":{"appVersion":"2024-03-12T09:10:15Z","lifeCycleId":"Published","createdByClientVersion":{"major":3,"minor":24024,"build":12,"revision":0,"majorRevision":0,"minorRevision":0},"minClientVersion":{"major":3,"minor":24024,"build":12,"revision":0,"majorRevision":0,"minorRevision":0},"backgroundColor":"RGBA(0,176,240,1)","backgroundImageUri":"/265411316892609918/N1976f509-0aee-4d56-a054-2d644dc86574-logoSmallFile","displayName":"BackOffice","description":"","commitMessage":"","appUris":{"documentUri":{"value":"/265411316892609918/Nf75a6555-e94e-4ec8-864b-4ee299286b56-document.msapp"},"imageUris":[],"additionalUris":[{"isSolutionAware":false,"value":"/265411316892609918/N12256381-f8bf-40d2-bd7f-366600ed3c0f-identity.json"}]},"createdTime":"0001-01-01T00:00:00Z","lastModifiedTime":"0001-01-01T00:00:00Z","sharedGroupsCount":0,"sharedUsersCount":0,"connectionReferences":{"a3327158-74a8-4a5d-bc13-e5defa12b279":{"id":"78bc89b4-80a1-4672-8cfd-19c1f8db7226","displayName":"Grupos de Office 365","iconUri":"https://connectoricons-prod.azureedge.net/releases/v1.0.1664/1.0.1664.3477/office365groups/icon.png","dataSources":["GruposdeOffice365"],"dependencies":[],"dependents":[],"parameterHints":{},"parameterHintsV2":{},"isOnPremiseConnection":false,"bypassConsent":false,"dataSets":{},"apiTier":"Standard","isCustomApiConnection":false,"actions":["ListGroupMembers"]},"96547a8a-0aad-40c5-95db-6177bdbaedb2":{"id":"040271fc-0eb7-4fbe-af3f-6f8140be9fba","displayName":"Usuarios de Office 365","iconUri":"https://connectoricons-prod.azureedge.net/releases/v1.0.1672/1.0.1672.3545/office365users/icon.png","dataSources":["UsuariosdeOffice365"],"dependencies":[],"dependents":[],"parameterHints":{},"parameterHintsV2":{},"isOnPremiseConnection":false,"bypassConsent":false,"dataSets":{},"apiTier":"Standard","isCustomApiConnection":false,"actions":["MyProfile"]},"1d073d93-4d33-4b7d-96fd-342bf8529a4a":{"id":"747604cb-60fa-47e5-8906-f2761e6a9ddb","displayName":"SharePoint","iconUri":"https://connectoricons-prod.azureedge.net/u/alexsp/sporelease/1.0.1682.3673/sharepointonline/icon.png","dataSources":["Internal Users","Process","Suppliers","Tasks","User Suppliers","SupplierType","SuppliersDocumentation","MasterColumns"],"dependencies":[],"dependents":["3d50fe9c-4da3-4c13-8f3f-0f0fcdefd46b","174b9446-f8f6-45cc-8092-d97ffdc8f121"],"parameterHints":{},"parameterHintsV2":{},"isOnPremiseConnection":false,"bypassConsent":false,"dataSets":{"https://alonsogan.sharepoint.com/sites/suppliers":{"dataSources":{"Internal Users":{"tableName":"cc1bbcc9-9aaf-438c-bfbb-f395e3c66b5f"},"Process":{"tableName":"778db02f-7052-4478-86e4-c0545927aea4"},"Suppliers":{"tableName":"ab3b69e9-39b2-444c-89ed-c7fe6d11cea2"},"Tasks":{"tableName":"4738ad50-0729-4298-be62-ad1cb5c57b4c"},"User Suppliers":{"tableName":"a8b0d2ce-cd5d-4b01-89b8-a7a67434ae75"},"SupplierType":{"tableName":"f9ea9d17-d3e8-4155-a326-407db6a05d79"},"SuppliersDocumentation":{"tableName":"c9516dc4-66d9-488c-933f-ae95a9a42875"},"MasterColumns":{"tableName":"3cd4d8dd-d35e-45db-9d21-47b6821acb87"}}}},"apiTier":"Standard","isCustomApiConnection":false,"actions":["providers/PowerPlatform.Governance/Operations/Read","providers/PowerPlatform.Governance/Operations/Write"]},"3d50fe9c-4da3-4c13-8f3f-0f0fcdefd46b":{"id":"329770dd-7332-4bd0-8f44-c709e6b0f539","displayName":"Flujos lógicos","iconUri":"https://connectoricons-prod.azureedge.net/releases/v1.0.1680/1.0.1680.3652/logicflows/icon.png","dataSources":["BackOffice-approvalProcess"],"dependencies":["1d073d93-4d33-4b7d-96fd-342bf8529a4a"],"dependents":[],"parameterHints":{"workflowName":{"value":"cc40f71b-ad96-46de-a36b-9956fc37c194"},"workflowEntityId":{},"1d073d93-4d33-4b7d-96fd-342bf8529a4a":{"value":"shared_sharepointonline"}},"parameterHintsV2":{"workflowName":{"value":"cc40f71b-ad96-46de-a36b-9956fc37c194"},"workflowEntityId":{},"shared_sharepointonline":{"value":"1d073d93-4d33-4b7d-96fd-342bf8529a4a"}},"isOnPremiseConnection":false,"bypassConsent":false,"dataSets":{},"apiTier":"Standard","isCustomApiConnection":false,"actions":["Run"],"nestedActions":[{"id":"/providers/Microsoft.PowerApps/apis/shared_sharepointonline/apiOperations/GetItem","apiName":"SharePoint","actionName":"GetItem","referencedResources":[{"key":"site","value":"https://alonsogan.sharepoint.com/sites/suppliers"},{"key":"list","value":"778db02f-7052-4478-86e4-c0545927aea4"},{"key":"site","value":"https://alonsogan.sharepoint.com/sites/suppliers"},{"key":"list","value":"ab3b69e9-39b2-444c-89ed-c7fe6d11cea2"},{"key":"site","value":"https://alonsogan.sharepoint.com/sites/suppliers"},{"key":"list","value":"cc1bbcc9-9aaf-438c-bfbb-f395e3c66b5f"}]},{"id":"/providers/Microsoft.PowerApps/apis/shared_sharepointonline/apiOperations/GetItems","apiName":"SharePoint","actionName":"GetItems","referencedResources":[{"key":"site","value":"https://alonsogan.sharepoint.com/sites/suppliers"},{"key":"list","value":"cc1bbcc9-9aaf-438c-bfbb-f395e3c66b5f"}]},{"id":"/providers/Microsoft.PowerApps/apis/shared_sharepointonline/apiOperations/PatchItem","apiName":"SharePoint","actionName":"PatchItem","referencedResources":[{"key":"site","value":"https://alonsogan.sharepoint.com/sites/suppliers"},{"key":"list","value":"778db02f-7052-4478-86e4-c0545927aea4"},{"key":"site","value":"https://alonsogan.sharepoint.com/sites/suppliers"},{"key":"list","value":"ab3b69e9-39b2-444c-89ed-c7fe6d11cea2"}]}]},"174b9446-f8f6-45cc-8092-d97ffdc8f121":{"id":"329770dd-7332-4bd0-8f44-c709e6b0f539","displayName":"Flujos lógicos","iconUri":"https://connectoricons-prod.azureedge.net/releases/v1.0.1680/1.0.1680.3652/logicflows/icon.png","dataSources":["BackOffice-SavefileinSharePoint"],"dependencies":["1d073d93-4d33-4b7d-96fd-342bf8529a4a"],"dependents":[],"parameterHints":{"workflowName":{"value":"33bf9b56-1de6-406d-886a-bb6d231aeec2"},"workflowEntityId":{},"1d073d93-4d33-4b7d-96fd-342bf8529a4a":{"value":"shared_sharepointonline"}},"parameterHintsV2":{"workflowName":{"value":"33bf9b56-1de6-406d-886a-bb6d231aeec2"},"workflowEntityId":{},"shared_sharepointonline":{"value":"1d073d93-4d33-4b7d-96fd-342bf8529a4a"}},"isOnPremiseConnection":false,"bypassConsent":false,"dataSets":{},"apiTier":"Standard","isCustomApiConnection":false,"actions":["Run"],"nestedActions":[{"id":"/providers/Microsoft.PowerApps/apis/shared_sharepointonline/apiOperations/CreateFile","apiName":"SharePoint","actionName":"CreateFile","referencedResources":[{"key":"site","value":"https://alonsogan.sharepoint.com/sites/suppliers"}]}]}},"databaseReferences":{},"almMode":"Environment","performanceOptimizationEnabled":true,"canConsumeAppPass":true,"enableModernRuntimeMode":false,"executionRestrictions":{"isTeamsOnly":false,"dataLossPreventionEvaluationResult":{"status":"Compliant","lastEvaluationDate":"2024-03-12T09:10:35.4098562Z","violations":[],"violationsByPolicy":[],"violationErrorMessage":"La aplicación usa los siguientes conectores: shared_office365groups, shared_office365users, shared_sharepointonline, shared_logicflows."},"httpActionRestriction":{"appUsesSharepointHttpAction":false,"enforcementStrategy":"Legacy","evaluationTime":"2024-03-12T09:10:35.4097433Z"}}},"appType":"ClassicCanvasApp","appComponents":[]}}