{"name":"be728da7-e63f-4307-b010-4646307d32d0","id":"/providers/Microsoft.Flow/flows/be728da7-e63f-4307-b010-4646307d32d0","type":"Microsoft.Flow/flows","properties":{"apiId":"/providers/Microsoft.PowerApps/apis/shared_logicflows","displayName":"BackOffice -  when an item is modified in process table","definition":{"metadata":{"workflowEntityId":null,"processAdvisorMetadata":null,"flowChargedByPaygo":null,"flowclientsuspensionreason":"None","flowclientsuspensiontime":null,"flowclientsuspensionreasondetails":null,"creator":{"id":"a6a09596-4977-4983-90ab-a9444eff3845","type":"User","tenantId":"bbcd7dc9-e3e1-4af6-bf83-177e900e272b"},"provisioningMethod":"FromDefinition","failureAlertSubscription":true,"clientLastModifiedTime":"2024-01-06T16:42:14.1944965Z","connectionKeySavedTimeKey":"2024-01-06T16:42:14.1944965Z"},"$schema":"https://schema.management.azure.com/providers/Microsoft.Logic/schemas/2016-06-01/workflowdefinition.json#","contentVersion":"1.0.0.0","parameters":{"$connections":{"defaultValue":{},"type":"Object"},"$authentication":{"defaultValue":{},"type":"SecureObject"}},"triggers":{"When_an_item_or_a_file_is_modified":{"recurrence":{"frequency":"Minute","interval":5},"splitOn":"@triggerOutputs()?['body/value']","metadata":{"operationMetadataId":"43d83751-0911-4506-ad1f-2e344572536d"},"type":"OpenApiConnection","inputs":{"host":{"apiId":"/providers/Microsoft.PowerApps/apis/shared_sharepointonline","connectionName":"shared_sharepointonline","operationId":"GetOnChangedItems"},"parameters":{"dataset":"https://alonsogan.sharepoint.com/sites/suppliers","table":"778db02f-7052-4478-86e4-c0545927aea4"},"authentication":"@parameters('$authentication')"}}},"actions":{"Get_item":{"runAfter":{},"metadata":{"operationMetadataId":"49f6d65b-d384-4a74-9e9d-a158c0e915f7"},"type":"OpenApiConnection","inputs":{"host":{"apiId":"/providers/Microsoft.PowerApps/apis/shared_sharepointonline","connectionName":"shared_sharepointonline","operationId":"GetItem"},"parameters":{"dataset":"https://alonsogan.sharepoint.com/sites/suppliers","table":"ab3b69e9-39b2-444c-89ed-c7fe6d11cea2","id":"@triggerOutputs()?['body/SupplierID/Id']"},"authentication":"@parameters('$authentication')"}},"Inicializar_variable_name":{"runAfter":{"Get_item":["Succeeded"]},"metadata":{"operationMetadataId":"1baaf784-680b-4cb5-b035-f249918fc556"},"type":"InitializeVariable","inputs":{"variables":[{"name":"name","type":"string"}]}},"Inicializar_variable_responsible":{"runAfter":{"Inicializar_variable_name":["Succeeded"]},"metadata":{"operationMetadataId":"ae5fdd5e-8903-4fb1-96a1-065db439e641"},"type":"InitializeVariable","inputs":{"variables":[{"name":"responsible","type":"string"}]}},"Inicializar_variable_taskName":{"runAfter":{"Inicializar_variable_responsible":["Succeeded"]},"metadata":{"operationMetadataId":"646f10cc-7e19-4053-88d3-447638ccd103"},"type":"InitializeVariable","inputs":{"variables":[{"name":"taskName","type":"string"}]}},"Inicializar_variable_task":{"runAfter":{"Inicializar_variable_taskName":["Succeeded"]},"metadata":{"operationMetadataId":"0b390179-e22d-4cd6-8c2a-c8e8dac2875a"},"type":"InitializeVariable","inputs":{"variables":[{"name":"task","type":"string"}]}},"Initialize_variable_taskDescription":{"runAfter":{"Inicializar_variable_task":["Succeeded"]},"metadata":{"operationMetadataId":"fa6f04f8-e4d3-4849-820c-3a5956ec656e"},"type":"InitializeVariable","inputs":{"variables":[{"name":"taskDescription","type":"string"}]}},"Initialize_variable_taskValue":{"runAfter":{"Initialize_variable_taskDescription":["Succeeded"]},"metadata":{"operationMetadataId":"e8c8db88-5287-4831-967d-84aec9b7e6d9"},"type":"InitializeVariable","inputs":{"variables":[{"name":"taskValue","type":"string"}]}},"Initialize_variable_legalName":{"runAfter":{"Initialize_variable_taskValue":["Succeeded"]},"metadata":{"operationMetadataId":"7dd30ec5-c43f-4c35-9a32-ed4b6a58eab0"},"type":"InitializeVariable","inputs":{"variables":[{"name":"legalName","type":"string"}]}},"Initialize_variable_thirdPartyEmail":{"runAfter":{"Initialize_variable_legalName":["Succeeded"]},"metadata":{"operationMetadataId":"a528ee59-d320-4420-b48e-deac7c093ad9"},"type":"InitializeVariable","inputs":{"variables":[{"name":"thirdPartyEmail","type":"string"}]}},"Initialize_variable_unitAdministratorEmail":{"runAfter":{"Initialize_variable_thirdPartyEmail":["Succeeded"]},"metadata":{"operationMetadataId":"df2b286f-e767-4792-9e45-8bee62a3df44"},"type":"InitializeVariable","inputs":{"variables":[{"name":"unitAdministratorEmail","type":"string"}]}},"Initialize_variable_subject":{"runAfter":{"Initialize_variable_unitAdministratorEmail":["Succeeded"]},"metadata":{"operationMetadataId":"401199b0-4964-4f1e-80e2-c4bc73b2867f"},"type":"InitializeVariable","inputs":{"variables":[{"name":"subject","type":"string"}]}},"Initialize_variable_finalEmail":{"runAfter":{"Initialize_variable_subject":["Succeeded"]},"metadata":{"operationMetadataId":"37d777b1-7e31-4a60-b001-a8de5045cae6"},"type":"InitializeVariable","inputs":{"variables":[{"name":"finalEmail","type":"string"}]}},"Initialize_variable_body":{"runAfter":{"Initialize_variable_finalEmail":["Succeeded"]},"metadata":{"operationMetadataId":"2823ceeb-8ceb-4143-b6c7-7effe2be47cd"},"type":"InitializeVariable","inputs":{"variables":[{"name":"body","type":"string"}]}},"Get_changes_for_an_item_or_a_file_(properties_only)":{"runAfter":{"Initialize_variable_body":["Succeeded"]},"metadata":{"operationMetadataId":"716fc021-3b29-4389-8bae-0a2ed8c65d71"},"type":"OpenApiConnection","inputs":{"host":{"apiId":"/providers/Microsoft.PowerApps/apis/shared_sharepointonline","connectionName":"shared_sharepointonline","operationId":"GetItemChanges"},"parameters":{"dataset":"https://alonsogan.sharepoint.com/sites/suppliers","table":"778db02f-7052-4478-86e4-c0545927aea4","id":"@triggerOutputs()?['body/ID']","since":"@triggerOutputs()?['body/{TriggerWindowStartToken}']","until":"@triggerOutputs()?['body/{TriggerWindowEndToken}']","includeDrafts":false},"authentication":"@parameters('$authentication')"}},"Condition":{"actions":{"status_process_column_has_changed":{"actions":{"Scope":{"actions":{"Compose":{"runAfter":{},"metadata":{"operationMetadataId":"30b190dd-9944-42c2-88f3-deaf1e3c2d5c"},"type":"Compose","inputs":"@outputs('Get_item')?['body/UserSupplierID/Id']"},"user_supplier":{"runAfter":{"Compose":["Succeeded"]},"metadata":{"operationMetadataId":"22626da2-d76b-41ee-981a-a8ff248c5241"},"type":"OpenApiConnection","inputs":{"host":{"apiId":"/providers/Microsoft.PowerApps/apis/shared_sharepointonline","connectionName":"shared_sharepointonline","operationId":"GetItem"},"parameters":{"dataset":"https://alonsogan.sharepoint.com/sites/suppliers","table":"a8b0d2ce-cd5d-4b01-89b8-a7a67434ae75","id":"@outputs('Get_item')?['body/UserSupplierID/Id']"},"authentication":"@parameters('$authentication')"}},"internal_user_-_vendor":{"runAfter":{"Compose":["Succeeded"]},"metadata":{"operationMetadataId":"a4c535c6-eab9-4e75-88e8-8413cbd3c0d4"},"type":"OpenApiConnection","inputs":{"host":{"apiId":"/providers/Microsoft.PowerApps/apis/shared_sharepointonline","connectionName":"shared_sharepointonline","operationId":"GetItem"},"parameters":{"dataset":"https://alonsogan.sharepoint.com/sites/suppliers","table":"cc1bbcc9-9aaf-438c-bfbb-f395e3c66b5f","id":"@outputs('Get_item')?['body/InternalUserID/Id']"},"authentication":"@parameters('$authentication')"}},"Get_items_-_unitAdministrator":{"runAfter":{"Compose":["Succeeded"]},"metadata":{"operationMetadataId":"31b0282a-bcff-45d6-ba16-80e3db808f0a"},"type":"OpenApiConnection","inputs":{"host":{"apiId":"/providers/Microsoft.PowerApps/apis/shared_sharepointonline","connectionName":"shared_sharepointonline","operationId":"GetItems"},"parameters":{"dataset":"https://alonsogan.sharepoint.com/sites/suppliers","table":"cc1bbcc9-9aaf-438c-bfbb-f395e3c66b5f","$filter":"Rol eq 'Unit Administrator'","$top":1},"authentication":"@parameters('$authentication')"}},"Apply_to_each_2":{"foreach":"@outputs('Get_items_-_unitAdministrator')?['body/value']","actions":{"Set_variable":{"runAfter":{},"metadata":{"operationMetadataId":"5bb21861-8660-453b-b3c9-f6003d45a566"},"type":"SetVariable","inputs":{"name":"unitAdministratorEmail","value":"@{outputs('Get_items_-_unitAdministrator')?['body/value']}"}}},"runAfter":{"Get_items_-_unitAdministrator":["Succeeded"]},"metadata":{"operationMetadataId":"72ddd0e6-c0c5-4745-ad3c-50d97daa57ef"},"type":"Foreach"}},"runAfter":{},"metadata":{"operationMetadataId":"78b7bf4d-f0d0-41d2-b7b3-a1937e2bdd00"},"type":"Scope"},"Switch":{"runAfter":{"Scope":["Succeeded"]},"cases":{"Case_Pending_data_review":{"case":"Pending data review","actions":{"Pending_data_review_scope":{"actions":{"Set_variable_finalEmail_-_pending_data_review":{"runAfter":{},"metadata":{"operationMetadataId":"b474979c-cae6-40fa-b5d3-51c52f16d7d1"},"type":"SetVariable","inputs":{"name":"finalEmail","value":"@outputs('internal_user_-_vendor')?['body/InternalUserName/Email']"}},"Set_variable_responsible_-_pending_data_review":{"runAfter":{"Set_variable_finalEmail_-_pending_data_review":["Succeeded"]},"metadata":{"operationMetadataId":"f920d383-3562-4811-8fb5-a1d50557575d"},"type":"SetVariable","inputs":{"name":"responsible","value":"@outputs('internal_user_-_vendor')?['body/InternalUserName/DisplayName']"}},"Set_variable_subject_-_pending_data_review":{"runAfter":{"Set_variable_responsible_-_pending_data_review":["Succeeded"]},"metadata":{"operationMetadataId":"e90de962-6a75-4df2-b926-ff32f62c9636"},"type":"SetVariable","inputs":{"name":"subject","value":"Pending data review from @{outputs('Get_item')?['body/OData__x0030__000_Name']}"}},"Set_variable_body_-_pending_data_review":{"runAfter":{"Set_variable_subject_-_pending_data_review":["Succeeded"]},"metadata":{"operationMetadataId":"5e7e3a4d-65e4-4286-8586-a54af13ce8f0"},"type":"SetVariable","inputs":{"name":"body","value":"<p>Please, the documentation of the supplier @{outputs('Get_item')?['body/OData__x0030__000_Name']} is pending review.&nbsp; <a href=\"https://apps.powerapps.com/play/4c54f003-3879-47ac-b222-a2b967cb11e0?processId=@{triggerOutputs()?['body/ID']}&supplierId=@{outputs('Get_item')?['body/ID']}\">Click here</a> to approve</p>"}},"Set_variable_name_-_pending_data_review":{"runAfter":{"Set_variable_body_-_pending_data_review":["Succeeded"]},"metadata":{"operationMetadataId":"b4429d43-ac5a-478c-ba28-7d3761b8a4a4"},"type":"SetVariable","inputs":{"name":"name","value":"Pending data review"}},"Set_variable_taskDescription_-_pending_data_review":{"runAfter":{"Set_variable_name_-_pending_data_review":["Succeeded"]},"metadata":{"operationMetadataId":"c25f4df4-7911-44c8-b843-5abc0c91fe70"},"type":"SetVariable","inputs":{"name":"taskDescription","value":"Pending data review from @{outputs('Get_item')?['body/OData__x0030__000_Name']} supplier"}},"Set_variable_taskValue_-_pending_data_review":{"runAfter":{"Set_variable_taskDescription_-_pending_data_review":["Succeeded"]},"metadata":{"operationMetadataId":"08075a46-3b57-45cb-92a6-f94bd3fb242e"},"type":"SetVariable","inputs":{"name":"taskValue","value":"Review supplier documentation"}}},"runAfter":{},"metadata":{"operationMetadataId":"0890710b-00e2-4f48-8554-b4c0904cee9d"},"type":"Scope"}}},"Case_Pending_data_review_legal":{"case":"Pending third-party team approval","actions":{"Pending_data_review_third-party_scope":{"actions":{"Set_variable_finalEmail_-_pending_data_review_third-party":{"runAfter":{},"metadata":{"operationMetadataId":"68c94d32-8acf-4c0d-8b8c-db63062d4efd"},"type":"SetVariable","inputs":{"name":"finalEmail","value":"@triggerOutputs()?['body/ThirdPartyEmail']"}},"Set_variable_subject_-_pending_data_review_third-party":{"runAfter":{"Set_variable_finalEmail_-_pending_data_review_third-party":["Succeeded"]},"metadata":{"operationMetadataId":"6f3a61f7-7fe9-4b72-97f1-0b7563ec3a36"},"type":"SetVariable","inputs":{"name":"subject","value":"Pending @{triggerOutputs()?['body/Responsible']} third-party approval from @{outputs('Get_item')?['body/OData__x0030__000_Name']}"}},"Set_variable_body_-_pending_data_review_third-party":{"runAfter":{"Set_variable_subject_-_pending_data_review_third-party":["Succeeded"]},"metadata":{"operationMetadataId":"a4594695-a7b5-466c-af25-0cf452bdb6f2"},"type":"SetVariable","inputs":{"name":"body","value":"<p>Please, the documentarion of the supplier @{outputs('Get_item')?['body/OData__x0030__000_Name']} is pending review.&nbsp;The @{outputs('internal_user_-_vendor')?['body/InternalUserName/DisplayName']}'s vendor wants that you revised the documentation of this supplier. <a href=\"https://apps.powerapps.com/play/4c54f003-3879-47ac-b222-a2b967cb11e0?processId=@{triggerOutputs()?['body/ID']}&supplierId=@{outputs('Get_item')?['body/ID']}\">Click here</a> to approve</p>"}},"Set_variable_name_-_pending_data_review_third-party":{"runAfter":{"Set_variable_body_-_pending_data_review_third-party":["Succeeded"]},"metadata":{"operationMetadataId":"8cf4e825-c64c-4445-aec5-3d5494d9d83d"},"type":"SetVariable","inputs":{"name":"name","value":"Pending data review third-party"}},"Set_variable_taskDescription_-_pending_data_review_third-party":{"runAfter":{"Set_variable_name_-_pending_data_review_third-party":["Succeeded"]},"metadata":{"operationMetadataId":"65ef517b-cbfe-46d7-a3e0-d6834d85854c"},"type":"SetVariable","inputs":{"name":"taskDescription","value":"Pending data review @{triggerOutputs()?['body/Responsible']} third-party from @{outputs('Get_item')?['body/OData__x0030__000_Name']} supplier with comments - @{triggerOutputs()?['body/ApprovalComment']}"}},"Set_variable_taskValue_-_pending_data_review_third-party":{"runAfter":{"Set_variable_taskDescription_-_pending_data_review_third-party":["Succeeded"]},"metadata":{"operationMetadataId":"cfb14b3b-a6b1-4c16-845c-e772a105bd17"},"type":"SetVariable","inputs":{"name":"taskValue","value":"Review documentation by third-party"}}},"runAfter":{},"metadata":{"operationMetadataId":"5a589c27-151a-40d1-866e-0c5e2ee36c2b"},"type":"Scope"}}},"Case_Validated_by_legal":{"case":"Validated by third-party","actions":{"Validated_by_legal_scope":{"actions":{"Set_variable_finalEmail_-_validated_by_legal_scope":{"runAfter":{},"metadata":{"operationMetadataId":"4ee3e732-1500-4196-8941-2d8e12dbcc04"},"type":"SetVariable","inputs":{"name":"finalEmail","value":"@outputs('internal_user_-_vendor')?['body/InternalUserName/Email']"}},"Set_variable_responsible_-_validated_by_legal_scope":{"runAfter":{"Set_variable_finalEmail_-_validated_by_legal_scope":["Succeeded"]},"metadata":{"operationMetadataId":"8b7d4f9f-7a9d-40b7-9ac7-749d007f0052"},"type":"SetVariable","inputs":{"name":"responsible","value":"@outputs('internal_user_-_vendor')?['body/InternalUserName/DisplayName']"}},"Set_variable_subject_-_validated_by_legal_scope":{"runAfter":{"Set_variable_responsible_-_validated_by_legal_scope":["Succeeded"]},"metadata":{"operationMetadataId":"151fb84c-d71e-4933-a8c5-758b90ebf9b3"},"type":"SetVariable","inputs":{"name":"subject","value":"Pending data review from @{outputs('Get_item')?['body/OData__x0030__000_Name']} validated by third-party"}},"Set_variable_body_-_validated_by_legal_scope":{"runAfter":{"Set_variable_subject_-_validated_by_legal_scope":["Succeeded"]},"metadata":{"operationMetadataId":"2ec4c3c0-9b73-4170-9712-48a03a120942"},"type":"SetVariable","inputs":{"name":"body","value":"<p>Third-party has validated the @{outputs('Get_item')?['body/OData__x0030__000_Name']} documentation.&nbsp; <a href=\"https://apps.powerapps.com/play/4c54f003-3879-47ac-b222-a2b967cb11e0?processId=@{triggerOutputs()?['body/ID']}&supplierId=@{outputs('Get_item')?['body/ID']}\">Click here</a> to review it and approve it.</p>"}},"Set_variable_name_-_validated_by_legal_scope":{"runAfter":{"Set_variable_body_-_validated_by_legal_scope":["Succeeded"]},"metadata":{"operationMetadataId":"12ea24a1-baba-4350-bbc8-5a773b447698"},"type":"SetVariable","inputs":{"name":"name","value":"Reviewed documentation by third-party - validated"}},"Set_variable_taskDescription_-_validated_by_legal_scope":{"runAfter":{"Set_variable_name_-_validated_by_legal_scope":["Succeeded"]},"metadata":{"operationMetadataId":"37099ec6-ad1b-4aca-bc10-2e9377de3195"},"type":"SetVariable","inputs":{"name":"taskDescription","value":" @{outputs('Get_item')?['body/OData__x0030__000_Name']} supplier documentation validated by third-party with comments - @{triggerOutputs()?['body/ApprovalComment']}"}},"Set_variable_taskValue_-_validated_by_legal_scope":{"runAfter":{"Set_variable_taskDescription_-_validated_by_legal_scope":["Succeeded"]},"metadata":{"operationMetadataId":"091b2d22-8de8-41b9-8388-1f1f14a70d05"},"type":"SetVariable","inputs":{"name":"taskValue","value":"Set variable taskValue - validated by legal scope"}}},"runAfter":{},"metadata":{"operationMetadataId":"3a7f4172-8f51-486f-88b8-845efe6a2230"},"type":"Scope"}}},"Case_Rejected_by_legal":{"case":"Rejected by third-party","actions":{"Rejected_by_legal_scope":{"actions":{"Set_variable_finalEmail_-_rejected_by_legal_scope":{"runAfter":{},"metadata":{"operationMetadataId":"bf45cb01-8d99-48d1-9b53-45d426ac5613"},"type":"SetVariable","inputs":{"name":"finalEmail","value":"@outputs('internal_user_-_vendor')?['body/InternalUserName/Email']"}},"Set_variable_responsible_-__rejected_by_legal_scope":{"runAfter":{"Set_variable_finalEmail_-_rejected_by_legal_scope":["Succeeded"]},"metadata":{"operationMetadataId":"de8d229e-6077-4faa-a028-dbfe077eeb64"},"type":"SetVariable","inputs":{"name":"responsible","value":"@outputs('internal_user_-_vendor')?['body/InternalUserName/DisplayName']"}},"Set_variable_subject_-_rejected_by_legal_scope":{"runAfter":{"Set_variable_responsible_-__rejected_by_legal_scope":["Succeeded"]},"metadata":{"operationMetadataId":"36a6efcb-b9a3-43bf-9767-fb6e51f0354d"},"type":"SetVariable","inputs":{"name":"subject","value":"Pending data review from @{outputs('Get_item')?['body/OData__x0030__000_Name']} rejected by third-party"}},"Set_variable_body_-_rejected_by_legal_scope":{"runAfter":{"Set_variable_subject_-_rejected_by_legal_scope":["Succeeded"]},"metadata":{"operationMetadataId":"e078bf78-abb7-4616-8ec2-15c9ecb2b85d"},"type":"SetVariable","inputs":{"name":"body","value":"<p>Third-party has rejected the @{outputs('Get_item')?['body/OData__x0030__000_Name']} documentation.&nbsp; <a href=\"https://apps.powerapps.com/play/4c54f003-3879-47ac-b222-a2b967cb11e0?processId=@{triggerOutputs()?['body/ID']}&supplierId=@{outputs('Get_item')?['body/ID']}\">Click here</a> to review it.</p>"}},"Set_variable_name_-_rejected_by_legal_scope":{"runAfter":{"Set_variable_body_-_rejected_by_legal_scope":["Succeeded"]},"metadata":{"operationMetadataId":"9c62a4ca-b3e0-493d-bd6d-c4f462736334"},"type":"SetVariable","inputs":{"name":"name","value":"Reviewed documentation by third-party - rejected"}},"Set_variable_taskDescription_-_rejected_by_legal_scope":{"runAfter":{"Set_variable_name_-_rejected_by_legal_scope":["Succeeded"]},"metadata":{"operationMetadataId":"12c3a0a7-f9f8-47cb-8a62-d25f44a0bf1f"},"type":"SetVariable","inputs":{"name":"taskDescription","value":" @{outputs('Get_item')?['body/OData__x0030__000_Name']} supplier documentation rejected by third-party with comments - @{triggerOutputs()?['body/ApprovalComment']}"}},"Set_variable_taskValue_-_rejected_by_legal_scope":{"runAfter":{"Set_variable_taskDescription_-_rejected_by_legal_scope":["Succeeded"]},"metadata":{"operationMetadataId":"d3fdaf40-72ff-4646-94a0-0e2e5ea5f02a"},"type":"SetVariable","inputs":{"name":"taskValue","value":"Wrong information"}}},"runAfter":{},"metadata":{"operationMetadataId":"f0c51a64-5d28-486b-98bb-f6ecb98751cb"},"type":"Scope"}}},"Case_Approved_by_vendor":{"case":"Approved by vendor","actions":{"Approved_by_vendor_scope":{"actions":{"Set_variable_finalEmail_-_approved_by_vendor_scope":{"runAfter":{},"metadata":{"operationMetadataId":"d8d15a13-3852-4bdf-8ac3-f8929cf6ca3c"},"type":"SetVariable","inputs":{"name":"finalEmail","value":"@variables('unitAdministratorEmail')"}},"Set_variable_subject_-_approved_by_vendor_scope":{"runAfter":{"Set_variable_finalEmail_-_approved_by_vendor_scope":["Succeeded"]},"metadata":{"operationMetadataId":"70c6a6e0-be29-432a-a742-b5ea99963dfc"},"type":"SetVariable","inputs":{"name":"subject","value":"Pending data review from @{outputs('Get_item')?['body/OData__x0030__000_Name']} validated by vendor manager @{outputs('internal_user_-_vendor')?['body/InternalUserName/DisplayName']}"}},"Set_variable_body_-_approved_by_vendor_scope":{"runAfter":{"Set_variable_subject_-_approved_by_vendor_scope":["Succeeded"]},"metadata":{"operationMetadataId":"cee363f0-6fd3-470e-9c0b-5722ff97892e"},"type":"SetVariable","inputs":{"name":"body","value":"<p>Vendor manager @{outputs('internal_user_-_vendor')?['body/InternalUserName/DisplayName']} has validated the @{outputs('Get_item')?['body/OData__x0030__000_Name']} documentation.&nbsp; <a href=\"https://apps.powerapps.com/play/4c54f003-3879-47ac-b222-a2b967cb11e0?processId=@{triggerOutputs()?['body/ID']}&supplierId=@{outputs('Get_item')?['body/ID']}\">Click here</a> to review it and approve it.</p>"}},"Set_variable_name_-_approved_by_vendor_scope":{"runAfter":{"Set_variable_body_-_approved_by_vendor_scope":["Succeeded"]},"metadata":{"operationMetadataId":"9cb2cbac-1250-4b5c-81c1-56c898b14439"},"type":"SetVariable","inputs":{"name":"name","value":"Reviewed documentation by @{outputs('internal_user_-_vendor')?['body/InternalUserName/DisplayName']} vendor - approved"}},"Set_variable_taskDescription_-_approved_by_vendor_scope":{"runAfter":{"Set_variable_name_-_approved_by_vendor_scope":["Succeeded"]},"metadata":{"operationMetadataId":"a781625f-d58e-4f7d-9ac2-28e1b9e5e634"},"type":"SetVariable","inputs":{"name":"taskDescription","value":" @{outputs('Get_item')?['body/OData__x0030__000_Name']} supplier documentation approved by vendor manager with comments - @{triggerOutputs()?['body/ApprovalComment']}"}},"Set_variable_taskValue_-_approved_by_vendor_scope":{"runAfter":{"Set_variable_taskDescription_-_approved_by_vendor_scope":["Succeeded"]},"metadata":{"operationMetadataId":"c1e29fe3-526f-4682-92b8-b993ecc4116c"},"type":"SetVariable","inputs":{"name":"taskValue","value":"Review documentation by unit administrator"}}},"runAfter":{},"metadata":{"operationMetadataId":"d89f1b88-5635-4845-8680-cd3fd75a1870"},"type":"Scope"}}},"Case_Rejected":{"case":"Rejected","actions":{"Rejected_scope":{"actions":{"Set_variable_finalEmail_-_rejected":{"runAfter":{},"metadata":{"operationMetadataId":"d3a14022-fcfe-4732-9b53-44a63671c111"},"type":"SetVariable","inputs":{"name":"finalEmail","value":"@outputs('user_supplier')?['body/Email']"}},"Set_variable_subject_-_rejected":{"runAfter":{"Set_variable_finalEmail_-_rejected":["Succeeded"]},"metadata":{"operationMetadataId":"4c14f688-e0d5-4563-93c0-c9033a9d650a"},"type":"SetVariable","inputs":{"name":"subject","value":"Rejected documentation"}},"Set_variable_body_-_rejected":{"runAfter":{"Set_variable_subject_-_rejected":["Succeeded"]},"metadata":{"operationMetadataId":"19addf5a-126b-45f2-b218-e8d7846030b5"},"type":"SetVariable","inputs":{"name":"body","value":"<p>Documentation rejected.&nbsp; <a href=\"localhost:3000/home\">Click here</a> to see more details.</p>"}},"Set_variable_name_-_rejected":{"runAfter":{"Set_variable_body_-_rejected":["Succeeded"]},"metadata":{"operationMetadataId":"ea84f064-bbfc-40a3-b4a8-27943464b7c3"},"type":"SetVariable","inputs":{"name":"name","value":"Wrong documentation - rejected"}},"Set_variable_taskDescription_-_rejected":{"runAfter":{"Set_variable_name_-_rejected":["Succeeded"]},"metadata":{"operationMetadataId":"54cd522e-e5d3-4428-b36b-88099f3e7ce0"},"type":"SetVariable","inputs":{"name":"taskDescription","value":" @{outputs('Get_item')?['body/OData__x0030__000_Name']} supplier documentation rejected with comments - @{triggerOutputs()?['body/ApprovalComment']}"}}},"runAfter":{},"metadata":{"operationMetadataId":"c9e3747b-bd36-4819-9df8-6eb2bf090997"},"type":"Scope"}}},"Case_Approved":{"case":"Approved","actions":{"Approved_scope":{"actions":{"Set_variable_finalEmail_-_approved":{"runAfter":{},"metadata":{"operationMetadataId":"0aedc861-510d-4267-8078-c86c20f5a52c"},"type":"SetVariable","inputs":{"name":"finalEmail","value":"@outputs('user_supplier')?['body/Email']"}},"Set_variable_subject_-_approved":{"runAfter":{"Set_variable_finalEmail_-_approved":["Succeeded"]},"metadata":{"operationMetadataId":"c950f339-8171-4cf7-8416-5fbb583198b1"},"type":"SetVariable","inputs":{"name":"subject","value":"Approved documentation"}},"Set_variable_body_-_approved":{"runAfter":{"Set_variable_subject_-_approved":["Succeeded"]},"metadata":{"operationMetadataId":"edba593c-7b3b-4994-9ccf-52686127c910"},"type":"SetVariable","inputs":{"name":"body","value":"<p>Documentation approved.&nbsp; <a href=\"localhost:3000/home\">Click here</a> to see more details.</p>"}},"Set_variable_name_-_approved":{"runAfter":{"Set_variable_body_-_approved":["Succeeded"]},"metadata":{"operationMetadataId":"336c6c98-0567-4e26-bf13-3e48d85bd348"},"type":"SetVariable","inputs":{"name":"name","value":"Approved documentation"}},"Set_variable_taskDescription_-_approved":{"runAfter":{"Set_variable_name_-_approved":["Succeeded"]},"metadata":{"operationMetadataId":"ea372ddf-e202-4600-9d46-4baee583f819"},"type":"SetVariable","inputs":{"name":"taskDescription","value":" @{outputs('Get_item')?['body/OData__x0030__000_Name']} supplier documentation approved with comments - @{triggerOutputs()?['body/ApprovalComment']}"}},"Set_variable_taskValue_-_approved":{"runAfter":{"Set_variable_taskDescription_-_approved":["Succeeded"]},"metadata":{"operationMetadataId":"b2f0b712-9058-4b58-b6f2-25c7154ea96a"},"type":"SetVariable","inputs":{"name":"taskValue","value":"Reviewed all information"}}},"runAfter":{},"metadata":{"operationMetadataId":"f79f1571-d371-44e6-a7e7-f82a4271b6de"},"type":"Scope"}}},"Case_Closed":{"case":"Closed","actions":{"Closed_scope":{"actions":{"Set_variable_finalEmail_-_resolved":{"runAfter":{},"metadata":{"operationMetadataId":"5d79e00f-88d5-44df-938b-2597abcb45f9"},"type":"SetVariable","inputs":{"name":"finalEmail","value":"@outputs('user_supplier')?['body/Email']"}},"Set_variable_subject_-_resolved":{"runAfter":{"Set_variable_finalEmail_-_resolved":["Succeeded"]},"metadata":{"operationMetadataId":"d3d774c4-0255-4e8f-9770-927c57b43193"},"type":"SetVariable","inputs":{"name":"subject","value":"Completed supplier information"}},"Set_variable_body_-_resolved":{"runAfter":{"Set_variable_subject_-_resolved":["Succeeded"]},"metadata":{"operationMetadataId":"18f36c0e-3954-48c4-8b78-e828b6eeb9c8"},"type":"SetVariable","inputs":{"name":"body","value":"<p>Completed supplier information.&nbsp; <a href=\"localhost:3000/home\">Click here</a> to see more details.</p>"}},"Set_variable_name_-_resolved":{"runAfter":{"Set_variable_body_-_resolved":["Succeeded"]},"metadata":{"operationMetadataId":"3ffe25b8-b999-4cb1-a552-32185a049a3c"},"type":"SetVariable","inputs":{"name":"name","value":"Completed supplier information"}},"Set_variable_taskDescription_-_resolved":{"runAfter":{"Set_variable_name_-_resolved":["Succeeded"]},"metadata":{"operationMetadataId":"130fed37-a625-4e7e-a5ec-7835cb78b08f"},"type":"SetVariable","inputs":{"name":"taskDescription","value":" @{outputs('Get_item')?['body/OData__x0030__000_Name']} supplier information completed"}},"Set_variable_taskValue_-_resolved":{"runAfter":{"Set_variable_taskDescription_-_resolved":["Succeeded"]},"metadata":{"operationMetadataId":"6a0dc2a9-be2d-4bfe-ba78-2f94cbff858f"},"type":"SetVariable","inputs":{"name":"taskValue","value":"Completed supplier information"}}},"runAfter":{},"metadata":{"operationMetadataId":"b1c30d5c-da42-4274-8f04-67b8c9dfed75"},"type":"Scope"}}},"Case_Resolved":{"case":"Resolved","actions":{"Resolved_scope":{"actions":{"Set_variable_finalEmail_-_resolved_by_supplier_scope":{"runAfter":{},"metadata":{"operationMetadataId":"8e99ac90-df67-401b-9210-e84de7e6c388"},"type":"SetVariable","inputs":{"name":"finalEmail","value":"@outputs('internal_user_-_vendor')?['body/InternalUserName/Email']"}},"Set_variable_subject_-_resolved_by_supplier_scope":{"runAfter":{"Set_variable_finalEmail_-_resolved_by_supplier_scope":["Succeeded"]},"metadata":{"operationMetadataId":"ca6ddd34-07a1-41ed-84c0-6258ee7fb7de"},"type":"SetVariable","inputs":{"name":"subject","value":"@{outputs('Get_item')?['body/OData__x0030__000_Name']} answered @{triggerOutputs()?['body/ApprovalComment']}"}},"Set_variable_body_-_resolved_by_supplier_scope":{"runAfter":{"Set_variable_subject_-_resolved_by_supplier_scope":["Succeeded"]},"metadata":{"operationMetadataId":"f3197f6f-44ec-4016-a2f7-17c94410705d"},"type":"SetVariable","inputs":{"name":"body","value":"<p>@{outputs('Get_item')?['body/OData__x0030__000_Name']} aswered the generic request with the message:  @{triggerOutputs()?['body/Message']}.&nbsp; <a href=\"https://apps.powerapps.com/play/4c54f003-3879-47ac-b222-a2b967cb11e0?processId=@{triggerOutputs()?['body/ID']}&supplierId=@{outputs('Get_item')?['body/ID']}\">Click here</a> to review it.</p>"}},"Set_variable_name_-_resolved_by_supplier_scope":{"runAfter":{"Set_variable_body_-_resolved_by_supplier_scope":["Succeeded"]},"metadata":{"operationMetadataId":"154b0057-855b-4ed6-8bb8-7873248d91c1"},"type":"SetVariable","inputs":{"name":"name","value":"Request answered - resolved"}},"Set_variable_taskDescription_-_resolved_by_supplier_scope":{"runAfter":{"Set_variable_name_-_resolved_by_supplier_scope":["Succeeded"]},"metadata":{"operationMetadataId":"cfc5a5f0-3f4c-47f6-b551-3c5f1027880c"},"type":"SetVariable","inputs":{"name":"taskDescription","value":" @{outputs('Get_item')?['body/OData__x0030__000_Name']} supplier answer the request - @{triggerOutputs()?['body/Message']}"}},"Set_variable_taskValue_-_resolved_by_supplier_scope":{"runAfter":{"Set_variable_taskDescription_-_resolved_by_supplier_scope":["Succeeded"]},"metadata":{"operationMetadataId":"5522d035-becd-4424-bc82-85a592f1e2f8"},"type":"SetVariable","inputs":{"name":"taskValue","value":"Change made"}}},"runAfter":{},"metadata":{"operationMetadataId":"a508943b-7bd1-40b0-a167-9b38d4c38112"},"type":"Scope"}}},"Case_Reopened":{"case":"Reopened","actions":{"Reopened_by_vendor_scope":{"actions":{"Set_variable_finalEmail_-_reopened_by_supplier_scope":{"runAfter":{},"metadata":{"operationMetadataId":"2708ba1b-7078-45c6-be80-a8fc9f07db56"},"type":"SetVariable","inputs":{"name":"finalEmail","value":"@outputs('user_supplier')?['body/Email']"}},"Set_variable_subject_-_reopened_by_supplier_scope":{"runAfter":{"Set_variable_finalEmail_-_reopened_by_supplier_scope":["Succeeded"]},"metadata":{"operationMetadataId":"6f5fb9c8-061b-4d20-be96-95ae73ab5fa8"},"type":"SetVariable","inputs":{"name":"subject","value":"@{outputs('internal_user_-_vendor')?['body/InternalUserName/DisplayName']}: @{triggerOutputs()?['body/Message']}"}},"Set_variable_body_-_reopened_by_supplier_scope":{"runAfter":{"Set_variable_subject_-_reopened_by_supplier_scope":["Succeeded"]},"metadata":{"operationMetadataId":"6ca7498d-68cb-49d0-9a75-f6f6169d8df9"},"type":"SetVariable","inputs":{"name":"body","value":"@{outputs('internal_user_-_vendor')?['body/InternalUserName/DisplayName']} needs more infoe:  @{triggerOutputs()?['body/Message']}.&nbsp; <a href=\"localhost:3000/home\">Click here</a> to review it.</p>"}},"Set_variable_name_-_reopened_by_supplier_scope":{"runAfter":{"Set_variable_body_-_reopened_by_supplier_scope":["Succeeded"]},"metadata":{"operationMetadataId":"ebff5e35-9497-4009-83ae-bdf8f72d1036"},"type":"SetVariable","inputs":{"name":"name","value":"Requested again - reopened "}},"Set_variable_taskDescription_-_reopened_by_supplier_scope":{"runAfter":{"Set_variable_name_-_reopened_by_supplier_scope":["Succeeded"]},"metadata":{"operationMetadataId":"b158b2c3-803c-4a33-9d34-3cbfdefe4b71"},"type":"SetVariable","inputs":{"name":"taskDescription","value":"@{outputs('internal_user_-_vendor')?['body/InternalUserName/DisplayName']} reopens the request with comments - @{triggerOutputs()?['body/ApprovalComment']}"}},"Set_variable_taskValue_-_reopened_by_supplier_scope":{"runAfter":{"Set_variable_taskDescription_-_reopened_by_supplier_scope":["Succeeded"]},"metadata":{"operationMetadataId":"ae3926c0-2d70-4e07-b6d8-9793c0762b24"},"type":"SetVariable","inputs":{"name":"taskValue","value":"Review requested"}}},"runAfter":{},"metadata":{"operationMetadataId":"eaeaedb8-fa7e-42c7-af81-8bc92e6afa10"},"type":"Scope"}}}},"default":{"actions":{"Terminate_2":{"runAfter":{},"metadata":{"operationMetadataId":"521f8b2c-27f1-42b8-a55b-912ae02f1b38"},"type":"Terminate","inputs":{"runStatus":"Succeeded"}}}},"expression":"@triggerOutputs()?['body/StatusProcess/Value']","metadata":{"operationMetadataId":"f241ec4f-4699-48a1-acab-f3103c0faa4a"},"type":"Switch"},"Send_an_email_(V2)":{"runAfter":{"Switch":["Succeeded"]},"metadata":{"operationMetadataId":"e8127834-3649-4d3a-97cb-0393af643b82"},"type":"OpenApiConnection","inputs":{"host":{"apiId":"/providers/Microsoft.PowerApps/apis/shared_office365","connectionName":"shared_office365","operationId":"SendEmailV2"},"parameters":{"emailMessage/To":"@variables('finalEmail')","emailMessage/Subject":"@variables('subject')","emailMessage/Body":"@variables('body')","emailMessage/Importance":"Normal"},"authentication":"@parameters('$authentication')"}},"Create_item":{"runAfter":{"Send_an_email_(V2)":["Succeeded"]},"metadata":{"operationMetadataId":"1c4b38df-e5e6-4c00-a2f3-10b066eafa1c"},"type":"OpenApiConnection","inputs":{"host":{"apiId":"/providers/Microsoft.PowerApps/apis/shared_sharepointonline","connectionName":"shared_sharepointonline","operationId":"PostItem"},"parameters":{"dataset":"https://alonsogan.sharepoint.com/sites/suppliers","table":"4738ad50-0729-4298-be62-ad1cb5c57b4c","item/Title":"@variables('name')","item/TaskDescription":"@variables('taskDescription')","item/TaskType1/Value":"@variables('taskValue')","item/ProcessID/Id":"@triggerOutputs()?['body/ID']","item/InternalAccountableID/Id":"@triggerOutputs()?['body/InternalAccountableID/Id']","item/ExternalAccountableID/Id":"@outputs('Get_item')?['body/UserSupplierID/Id']"},"authentication":"@parameters('$authentication')"}},"Set_variable_task":{"runAfter":{"Create_item":["Succeeded"]},"metadata":{"operationMetadataId":"f2021d87-60b5-42ae-b78a-bb8019c4549c"},"type":"SetVariable","inputs":{"name":"task","value":"@{outputs('Create_item')?['body/ID']}"}},"Set_variable_taskName":{"runAfter":{"Set_variable_task":["Succeeded"]},"metadata":{"operationMetadataId":"682a3a3d-d863-4d1b-a395-1513f5ab8693"},"type":"SetVariable","inputs":{"name":"taskName","value":"@{variables('name')} (@{variables('task')})"}},"Terminate_3":{"runAfter":{"Set_variable_taskName":["Succeeded"]},"metadata":{"operationMetadataId":"c59d976a-ac61-44be-bc27-d74e81948021"},"type":"Terminate","inputs":{"runStatus":"Succeeded"}}},"runAfter":{},"metadata":{"operationMetadataId":"0f1cd095-24ca-4e6f-9097-ec09159b4008"},"type":"Scope"}},"runAfter":{"Get_changes_for_an_item_or_a_file_(properties_only)":["Succeeded"]},"else":{"actions":{"Terminate":{"runAfter":{},"metadata":{"operationMetadataId":"7cc00724-9884-4d41-9fcc-5447aa224a9f"},"type":"Terminate","inputs":{"runStatus":"Succeeded"}}}},"expression":{"equals":["@outputs('Get_changes_for_an_item_or_a_file_(properties_only)')?['body/ColumnHasChanged/StatusProcess']","@true"]},"metadata":{"operationMetadataId":"bb943c64-6dad-48b8-ab44-d3992d630afd"},"type":"If"}}},"connectionReferences":{"shared_sharepointonline":{"connectionName":"shared-sharepointonl-09c0cf9a-4966-4bce-b8f2-8f8a4c45f4b8","source":"Embedded","id":"/providers/Microsoft.PowerApps/apis/shared_sharepointonline","tier":"NotSpecified"},"shared_office365":{"connectionName":"shared-office365-2c494bbc-3ced-49c7-8b03-79c974f74d84","source":"Embedded","id":"/providers/Microsoft.PowerApps/apis/shared_office365","tier":"NotSpecified"}},"flowFailureAlertSubscribed":false,"isManaged":false}}