{"name":"28055aa6-2d0c-418a-83a7-74ac520b27cc","id":"/providers/Microsoft.Flow/flows/28055aa6-2d0c-418a-83a7-74ac520b27cc","type":"Microsoft.Flow/flows","properties":{"apiId":"/providers/Microsoft.PowerApps/apis/shared_logicflows","displayName":"BackOffice - approvalProcess","definition":{"metadata":{"workflowEntityId":null,"processAdvisorMetadata":null,"flowChargedByPaygo":null,"flowclientsuspensionreason":"None","flowclientsuspensiontime":null,"flowclientsuspensionreasondetails":null,"creator":{"id":"a6a09596-4977-4983-90ab-a9444eff3845","type":"User","tenantId":"bbcd7dc9-e3e1-4af6-bf83-177e900e272b"},"provisioningMethod":"FromDefinition","failureAlertSubscription":true,"clientLastModifiedTime":"2023-12-26T15:11:04.8166039Z","connectionKeySavedTimeKey":"2023-12-26T15:11:04.8166039Z"},"$schema":"https://schema.management.azure.com/providers/Microsoft.Logic/schemas/2016-06-01/workflowdefinition.json#","contentVersion":"1.0.0.0","parameters":{"$connections":{"defaultValue":{},"type":"Object"},"$authentication":{"defaultValue":{},"type":"SecureObject"}},"triggers":{"manual":{"metadata":{"operationMetadataId":"af673a42-e56d-4e26-a0f5-0daac3773e7b"},"type":"Request","kind":"PowerAppV2","inputs":{"schema":{"type":"object","properties":{"number":{"title":"processID","type":"number","x-ms-dynamically-added":true,"description":"Please enter a number","x-ms-content-hint":"NUMBER"},"text":{"title":"approvalOption","type":"string","x-ms-dynamically-added":true,"description":"Please enter your input","x-ms-content-hint":"TEXT"},"text_1":{"title":"approvalComment","type":"string","x-ms-dynamically-added":true,"description":"Please enter your input","x-ms-content-hint":"TEXT"},"text_2":{"title":"responsible","type":"string","x-ms-dynamically-added":true,"description":"responsible","x-ms-content-hint":"TEXT"},"text_3":{"title":"user","type":"string","x-ms-dynamically-added":true,"description":"Please enter your input","x-ms-content-hint":"TEXT"},"text_4":{"title":"responsibleUser","type":"string","x-ms-dynamically-added":true,"description":"Please enter your input","x-ms-content-hint":"TEXT"},"text_5":{"title":"responsibleEmail","type":"string","x-ms-dynamically-added":true,"description":"Please enter your input","x-ms-content-hint":"TEXT"}},"required":["number","text","text_1","text_2","text_3","text_4","text_5"]}}}},"actions":{"processID":{"runAfter":{},"metadata":{"operationMetadataId":"85465293-8218-4a91-9386-815ed2eb9c66"},"type":"InitializeVariable","inputs":{"variables":[{"name":"processID","type":"integer","value":"@triggerBody()['number']"}]}},"approvalOption":{"runAfter":{"processID":["Succeeded"]},"metadata":{"operationMetadataId":"fdad4db9-4fb9-431a-9cc7-8e27d5677ab6"},"type":"InitializeVariable","inputs":{"variables":[{"name":"approvalOption","type":"string","value":"@triggerBody()['text']"}]}},"approvalComment":{"runAfter":{"approvalOption":["Succeeded"]},"metadata":{"operationMetadataId":"4e75a9e3-f79d-4c13-8f9f-5b6be01ab57f"},"type":"InitializeVariable","inputs":{"variables":[{"name":"approvalComment","type":"string","value":"@triggerBody()['text_1']"}]}},"responsible":{"runAfter":{"approvalComment":["Succeeded"]},"metadata":{"operationMetadataId":"b3ef3c9c-4b84-4391-8e95-4c558f3a82fe"},"type":"InitializeVariable","inputs":{"variables":[{"name":"responsible","type":"string","value":"@triggerBody()?['text_2']"}]}},"user":{"runAfter":{"responsible":["Succeeded"]},"metadata":{"operationMetadataId":"9fa02f1e-18ab-4106-829d-495a281f73cb"},"type":"InitializeVariable","inputs":{"variables":[{"name":"user","type":"string","value":"@triggerBody()?['text_3']"}]}},"updateApproval":{"runAfter":{"user":["Succeeded"]},"metadata":{"operationMetadataId":"f4c70b50-6aea-40c2-a562-68ce6c214464"},"type":"InitializeVariable","inputs":{"variables":[{"name":"updateApproval","type":"string"}]}},"responsibleUser":{"runAfter":{"updateApproval":["Succeeded"]},"metadata":{"operationMetadataId":"198edeaf-baa9-4262-b107-792c30d7e7c6"},"type":"InitializeVariable","inputs":{"variables":[{"name":"responsibleUser","type":"string","value":"@triggerBody()?['text_4']"}]}},"responsibleEmail":{"runAfter":{"responsibleUser":["Succeeded"]},"metadata":{"operationMetadataId":"0d0443ed-5b86-4333-8ce6-e0c15a755614"},"type":"InitializeVariable","inputs":{"variables":[{"name":"responsibleEmail","type":"string","value":"@triggerBody()?['text_5']"}]}},"authorized":{"runAfter":{"responsibleEmail":["Succeeded"]},"metadata":{"operationMetadataId":"5b0d1cb0-b997-41eb-b3ed-694bbc8d127c"},"type":"InitializeVariable","inputs":{"variables":[{"name":"authorized","type":"string"}]}},"Get_item":{"runAfter":{"supplier":["Succeeded"]},"metadata":{"operationMetadataId":"e9f1f42e-a600-4051-af96-396ecf09dfd8"},"type":"OpenApiConnection","inputs":{"host":{"apiId":"/providers/Microsoft.PowerApps/apis/shared_sharepointonline","connectionName":"shared_sharepointonline","operationId":"GetItem"},"parameters":{"dataset":"https://alonsogan.sharepoint.com/sites/suppliers","table":"778db02f-7052-4478-86e4-c0545927aea4","id":"@triggerBody()['number']"},"authentication":{"value":"@json(decodeBase64(triggerOutputs().headers['X-MS-APIM-Tokens']))['$ConnectionKey']","type":"Raw"}}},"Get_item_2":{"runAfter":{"Get_item":["Succeeded"]},"metadata":{"operationMetadataId":"39068ced-7a75-49e0-80b2-0347cce1a4b8"},"type":"OpenApiConnection","inputs":{"host":{"apiId":"/providers/Microsoft.PowerApps/apis/shared_sharepointonline","connectionName":"shared_sharepointonline","operationId":"GetItem"},"parameters":{"dataset":"https://alonsogan.sharepoint.com/sites/suppliers","table":"ab3b69e9-39b2-444c-89ed-c7fe6d11cea2","id":"@outputs('Get_item')?['body/SupplierID_x003a_ID/Id']"},"authentication":{"value":"@json(decodeBase64(triggerOutputs().headers['X-MS-APIM-Tokens']))['$ConnectionKey']","type":"Raw"}}},"Get_item_-_vendor":{"runAfter":{"Get_item_2":["Succeeded"]},"metadata":{"operationMetadataId":"9af8ea00-87a5-4779-9a15-4f076b7f2fc5"},"type":"OpenApiConnection","inputs":{"host":{"apiId":"/providers/Microsoft.PowerApps/apis/shared_sharepointonline","connectionName":"shared_sharepointonline","operationId":"GetItem"},"parameters":{"dataset":"https://alonsogan.sharepoint.com/sites/suppliers","table":"cc1bbcc9-9aaf-438c-bfbb-f395e3c66b5f","id":"@outputs('Get_item_2')?['body/InternalUserID/Id']"},"authentication":{"value":"@json(decodeBase64(triggerOutputs().headers['X-MS-APIM-Tokens']))['$ConnectionKey']","type":"Raw"}}},"Get_items_unit_administrator":{"runAfter":{"Get_item_-_vendor":["Succeeded"]},"metadata":{"operationMetadataId":"60686ee8-b183-4595-ae9d-2dee3fc3caff"},"type":"OpenApiConnection","inputs":{"host":{"apiId":"/providers/Microsoft.PowerApps/apis/shared_sharepointonline","connectionName":"shared_sharepointonline","operationId":"GetItems"},"parameters":{"dataset":"https://alonsogan.sharepoint.com/sites/suppliers","table":"cc1bbcc9-9aaf-438c-bfbb-f395e3c66b5f","$filter":"Rol eq 'Unit administrator'","$top":1},"authentication":{"value":"@json(decodeBase64(triggerOutputs().headers['X-MS-APIM-Tokens']))['$ConnectionKey']","type":"Raw"}}},"supplier":{"runAfter":{"authorized":["Succeeded"]},"metadata":{"operationMetadataId":"6eb5778b-70e2-43ce-85c7-39b5ebfa031a"},"type":"InitializeVariable","inputs":{"variables":[{"name":"supplier","type":"string"}]}},"unitAdministratorDisplayName":{"runAfter":{"Get_items_unit_administrator":["Succeeded"]},"metadata":{"operationMetadataId":"a2d1f70f-9ae8-4989-97af-add2701d3c07"},"type":"Compose","inputs":"@outputs('Get_items_unit_administrator')?['body/value'][0]['InternalUserName/DisplayName']"},"Switch":{"runAfter":{"unitAdministratorDisplayName":["Succeeded"]},"cases":{"Case_approving":{"case":"approving","actions":{"Switch_2":{"runAfter":{},"cases":{"Case_Validated_by_third-party":{"case":"Validated by third-party","actions":{"approved_by_vendor_or_approved":{"actions":{"Condition":{"actions":{"Set_variable_updateApproval_-_Approved_by_vendor_2":{"runAfter":{},"metadata":{"operationMetadataId":"3fefcde1-62aa-4cec-a5e0-33101fc9ff85"},"type":"SetVariable","inputs":{"name":"updateApproval","value":"Approved by vendor"}},"Set_variable":{"runAfter":{"Set_variable_updateApproval_-_Approved_by_vendor_2":["Succeeded"]},"metadata":{"operationMetadataId":"387dadc3-25a2-4d4a-849f-7edd78ef9532"},"type":"SetVariable","inputs":{"name":"responsibleUser","value":"@{outputs('unitAdministratorDisplayName')}"}},"Set_variable_2":{"runAfter":{"Set_variable":["Succeeded"]},"metadata":{"operationMetadataId":"6477009a-c771-42ae-aa58-c43aa80be52a"},"type":"SetVariable","inputs":{"name":"responsibleEmail","value":"@{outputs('Get_items_unit_administrator')?['body/value'][0]['InternalUserName/Email']}"}}},"runAfter":{},"else":{"actions":{"Set_variable_updateApproval_-_Approved_final_2":{"runAfter":{},"metadata":{"operationMetadataId":"ad12d65b-e9d5-4dae-a892-56452d8459f6"},"type":"SetVariable","inputs":{"name":"updateApproval","value":"Approved"}},"Set_variable_3":{"runAfter":{"Set_variable_updateApproval_-_Approved_final_2":["Succeeded"]},"metadata":{"operationMetadataId":"deb49429-8df7-4ec8-8f69-5747c371ffce"},"type":"SetVariable","inputs":{"name":"authorized","value":"Authorized"}}}},"expression":{"equals":["@outputs('Get_item_2')?['body/OData__x0031__000_SupplierTypeName/Value']","Strategic Supplier"]},"metadata":{"operationMetadataId":"285fdda7-7071-498b-8ab1-6b0f37fb7c04"},"type":"If"}},"runAfter":{},"metadata":{"operationMetadataId":"745abce2-7816-4474-be4b-918f3d87870c"},"type":"Scope"}}},"Case_Approved_by_vendor":{"case":"Approved by vendor","actions":{"Set_variable_updateApproval_-_Approved":{"runAfter":{},"metadata":{"operationMetadataId":"e7a9647c-85aa-4ad6-9e0f-12efd149b854"},"type":"SetVariable","inputs":{"name":"updateApproval","value":"Approved"}},"Set_variable_4":{"runAfter":{"Set_variable_updateApproval_-_Approved":["Succeeded"]},"metadata":{"operationMetadataId":"9e4f65cb-8c93-4251-82a8-9ebfadd5665c"},"type":"SetVariable","inputs":{"name":"authorized","value":"Authorized"}}}},"Case":{"case":"Rejected by third-party","actions":{"approved_by_vendor_or_approved_2":{"actions":{"Condition_2":{"actions":{"Set_variable_updateApproval_-_Approved_by_vendor":{"runAfter":{},"metadata":{"operationMetadataId":"bcb25b9c-fea2-41f8-8320-62edd652a34d"},"type":"SetVariable","inputs":{"name":"updateApproval","value":"Approved by vendor"}},"Set_variable_5":{"runAfter":{"Set_variable_updateApproval_-_Approved_by_vendor":["Succeeded"]},"metadata":{"operationMetadataId":"01e48281-1ab6-4908-87cb-42d32bcaddc3"},"type":"SetVariable","inputs":{"name":"responsibleUser","value":"@{outputs('unitAdministratorDisplayName')}"}},"Set_variable_6":{"runAfter":{"Set_variable_5":["Succeeded"]},"metadata":{"operationMetadataId":"81835f17-c697-49c0-a9fa-3a544922350a"},"type":"SetVariable","inputs":{"name":"responsibleEmail","value":"@{outputs('Get_items_unit_administrator')?['body/value'][0]['InternalUserName/Email']}"}}},"runAfter":{},"else":{"actions":{"Set_variable_updateApproval_-_Approved_final":{"runAfter":{},"metadata":{"operationMetadataId":"5a0559ca-287e-43aa-80ac-f418d879836d"},"type":"SetVariable","inputs":{"name":"updateApproval","value":"Approved"}},"Set_variable_7":{"runAfter":{"Set_variable_updateApproval_-_Approved_final":["Succeeded"]},"metadata":{"operationMetadataId":"a3db3c05-3868-4246-9124-454c7514335f"},"type":"SetVariable","inputs":{"name":"authorized","value":"Authorized"}}}},"expression":{"equals":["@outputs('Get_item_2')?['body/OData__x0031__000_SupplierTypeName/Value']","Strategic Supplier"]},"metadata":{"operationMetadataId":"bafebaa9-16c7-424b-92f6-a45cd840f68c"},"type":"If"}},"runAfter":{},"metadata":{"operationMetadataId":"425fd2cd-f7a5-47dc-bda4-48febddd439b"},"type":"Scope"}}},"Case_2":{"case":"Pending data review","actions":{"approved_by_vendor_or_approved_3":{"actions":{"Condition_3":{"actions":{"Set_variable_updateApproval_-_Approved_by_vendor_3":{"runAfter":{},"metadata":{"operationMetadataId":"f0c3e63a-5c16-4273-bde2-7d3ea15c1360"},"type":"SetVariable","inputs":{"name":"updateApproval","value":"Approved by vendor"}},"Set_variable_8":{"runAfter":{"Set_variable_updateApproval_-_Approved_by_vendor_3":["Succeeded"]},"metadata":{"operationMetadataId":"3a267a1a-cbf1-4785-97a1-6f9e45dfa302"},"type":"SetVariable","inputs":{"name":"responsibleUser","value":"@{outputs('unitAdministratorDisplayName')}"}},"Set_variable_9":{"runAfter":{"Set_variable_8":["Succeeded"]},"metadata":{"operationMetadataId":"2d8f1237-f6f4-40c6-bbe0-fab90af1fba5"},"type":"SetVariable","inputs":{"name":"responsibleEmail","value":"@{outputs('Get_items_unit_administrator')?['body/value'][0]['InternalUserName/Email']}"}}},"runAfter":{},"else":{"actions":{"Set_variable_updateApproval_-_Approved_final_3":{"runAfter":{},"metadata":{"operationMetadataId":"448af44f-d2eb-4d74-976b-b025136f4f39"},"type":"SetVariable","inputs":{"name":"updateApproval","value":"Approved"}},"Set_variable_10":{"runAfter":{"Set_variable_updateApproval_-_Approved_final_3":["Succeeded"]},"metadata":{"operationMetadataId":"181e36a4-143a-42d8-9c8a-fcead7a435e1"},"type":"SetVariable","inputs":{"name":"authorized","value":"Authorized"}}}},"expression":{"equals":["@outputs('Get_item_2')?['body/OData__x0031__000_SupplierTypeName/Value']","Strategic Supplier"]},"metadata":{"operationMetadataId":"5f6ba0bb-9b42-462f-a179-dd85b0c9b7ad"},"type":"If"}},"runAfter":{},"metadata":{"operationMetadataId":"993f96e9-f9b9-4335-8936-da3d77951dce"},"type":"Scope"}}}},"default":{"actions":{"Scope":{"actions":{"Set_variable_updateApproval_-_Validated_by_legal":{"runAfter":{},"metadata":{"operationMetadataId":"2ebd4661-855c-4d41-8798-749258342f6a"},"type":"SetVariable","inputs":{"name":"updateApproval","value":"Validated by third-party"}},"Set_variable_-_responsibleUser":{"runAfter":{"Set_variable_updateApproval_-_Validated_by_legal":["Succeeded"]},"metadata":{"operationMetadataId":"72fc8705-0ed0-42fd-8ec3-305429dc89fa"},"type":"SetVariable","inputs":{"name":"responsibleUser","value":"@outputs('Get_item_-_vendor')?['body/InternalUserName/DisplayName']"}},"Set_variable_-_responsibleEmail":{"runAfter":{"Set_variable_-_responsibleUser":["Succeeded"]},"metadata":{"operationMetadataId":"a1e03d09-8751-4173-a885-308446702133"},"type":"SetVariable","inputs":{"name":"responsibleEmail","value":"@outputs('Get_item_-_vendor')?['body/InternalUserName/Email']"}}},"runAfter":{},"metadata":{"operationMetadataId":"4968ce20-23cd-455b-a34f-b02f50d31e06"},"type":"Scope"}}},"expression":"@outputs('Get_item')?['body/StatusProcess/Value']","metadata":{"operationMetadataId":"c177293f-9249-4852-81ba-f73aa70c62a6"},"type":"Switch"}}},"Case_rejecting":{"case":"rejecting","actions":{"Condition_4":{"actions":{"Condition_5":{"actions":{"Set_variable_updateApproval_-_Rejected_by_legal":{"runAfter":{},"metadata":{"operationMetadataId":"9e09e40f-0e1e-4c52-b755-c6e724e0844a"},"type":"SetVariable","inputs":{"name":"updateApproval","value":"Rejected by third-party"}},"Set_variable_updateApproval_-_responsibleUser":{"runAfter":{"Set_variable_updateApproval_-_Rejected_by_legal":["Succeeded"]},"metadata":{"operationMetadataId":"662753ea-e47d-4642-b7fb-dfb67d60477c"},"type":"SetVariable","inputs":{"name":"responsibleUser","value":"@outputs('Get_item_-_vendor')?['body/InternalUserName/DisplayName']"}},"Set_variable_updateApproval_-_responsibleEmail":{"runAfter":{"Set_variable_updateApproval_-_responsibleUser":["Succeeded"]},"metadata":{"operationMetadataId":"0c145fc0-49d6-4ce8-9469-bd0ed9b67b59"},"type":"SetVariable","inputs":{"name":"responsibleEmail","value":"@outputs('Get_item_-_vendor')?['body/InternalUserName/Email']"}}},"runAfter":{},"else":{"actions":{"Set_variable_11":{"runAfter":{},"metadata":{"operationMetadataId":"b2266b46-0a07-487c-825b-a5c2d6c92412"},"type":"SetVariable","inputs":{"name":"updateApproval","value":"Rejected"}},"Set_variable_12":{"runAfter":{"Set_variable_11":["Succeeded"]},"metadata":{"operationMetadataId":"71af342f-fd1b-456f-a705-2139eaf5a11f"},"type":"SetVariable","inputs":{"name":"authorized","value":"Not Authorized"}},"Set_variable_13":{"runAfter":{"Set_variable_12":["Succeeded"]},"metadata":{"operationMetadataId":"ee0ab47a-016d-4eec-bfcb-014a30bb9312"},"type":"SetVariable","inputs":{"name":"responsibleUser","value":"supplier"}}}},"expression":{"or":[{"equals":["@outputs('Get_item')?['body/StatusProcess/Value']","Rejected by third-party"]},{"equals":["@outputs('Get_item')?['body/StatusProcess/Value']","Pending third-party team approval"]}]},"metadata":{"operationMetadataId":"331508cb-4913-4927-bac0-a0af73716fd3"},"type":"If"}},"runAfter":{},"else":{"actions":{"Set_variable_updateApproval_-_Rejected":{"runAfter":{},"metadata":{"operationMetadataId":"ebd9434c-8787-44c5-9ab7-d17c44f35c1e"},"type":"SetVariable","inputs":{"name":"updateApproval","value":"Rejected"}},"Set_variable_14":{"runAfter":{"Set_variable_updateApproval_-_Rejected":["Succeeded"]},"metadata":{"operationMetadataId":"adaf912d-81b9-4bbd-955d-4e13e16a7988"},"type":"SetVariable","inputs":{"name":"authorized","value":"Not Authorized"}},"Set_variable_15":{"runAfter":{"Set_variable_14":["Succeeded"]},"metadata":{"operationMetadataId":"f8d52bef-bbb6-4ce0-8961-f3e87bd7db9c"},"type":"SetVariable","inputs":{"name":"responsibleUser","value":"supplier"}}}},"expression":{"and":[{"contains":["@outputs('Get_item')?['body/StatusProcess/Value']","third-party"]},{"not":{"equals":["@outputs('Get_item')?['body/StatusProcess/Value']","Validated by third-party"]}},{"not":{"equals":["@outputs('Get_item')?['body/StatusProcess/Value']","Rejected by third-party"]}}]},"metadata":{"operationMetadataId":"83276c68-d528-45de-80d2-250bccf69bea"},"type":"If"}}},"Case_thirdParty":{"case":"thirdParty","actions":{"Set_variable_16":{"runAfter":{},"metadata":{"operationMetadataId":"0451ed43-0030-45d0-9cb0-96f528e16298"},"type":"SetVariable","inputs":{"name":"updateApproval","value":"Pending third-party team approval"}}}},"Case_Close":{"case":"Close","actions":{"Set_variable_updateApproval_-_Closed":{"runAfter":{},"metadata":{"operationMetadataId":"566a2911-6e41-4867-be42-a86a3350618e"},"type":"SetVariable","inputs":{"name":"updateApproval","value":"Closed"}}}},"Case_Reopen":{"case":"Reopen","actions":{"Set_variable_updateApproval_-_Reopen":{"runAfter":{},"metadata":{"operationMetadataId":"6cf401b5-6692-4826-9d22-dc65239fbc68"},"type":"SetVariable","inputs":{"name":"updateApproval","value":"Reopened"}},"Set_variable_17":{"runAfter":{"Set_variable_updateApproval_-_Reopen":["Succeeded"]},"metadata":{"operationMetadataId":"33ebdd6a-31d5-4fad-8e8f-c3c4441b91b1"},"type":"SetVariable","inputs":{"name":"supplier","value":"supplier"}},"Set_variable_18":{"runAfter":{"Set_variable_17":["Succeeded"]},"metadata":{"operationMetadataId":"ede74252-3d9a-4190-a40a-83de977bbbfb"},"type":"SetVariable","inputs":{"name":"responsibleUser","value":"supplier"}}}}},"default":{"actions":{"Terminate":{"runAfter":{},"metadata":{"operationMetadataId":"31bf548b-fbf7-4603-8bfc-e40c00b7914a"},"type":"Terminate","inputs":{"runStatus":"Succeeded"}}}},"expression":"@triggerBody()['text']","metadata":{"operationMetadataId":"653334a8-e7a4-4f16-bbd1-22520ca87340"},"type":"Switch"},"Condition_6":{"actions":{"Update_item":{"runAfter":{},"metadata":{"operationMetadataId":"63f6f58e-fb3e-4d1f-bc8d-c0b9897b2710"},"type":"OpenApiConnection","inputs":{"host":{"apiId":"/providers/Microsoft.PowerApps/apis/shared_sharepointonline","connectionName":"shared_sharepointonline","operationId":"PatchItem"},"parameters":{"dataset":"https://alonsogan.sharepoint.com/sites/suppliers","table":"778db02f-7052-4478-86e4-c0545927aea4","id":"@triggerBody()['number']","item/StatusProcess/Value":"@variables('updateApproval')","item/Responsible":"@variables('supplier')"},"authentication":{"value":"@json(decodeBase64(triggerOutputs().headers['X-MS-APIM-Tokens']))['$ConnectionKey']","type":"Raw"}}}},"runAfter":{"Switch":["Succeeded"]},"else":{"actions":{"Update_item_2":{"runAfter":{},"metadata":{"operationMetadataId":"980c0af5-d22b-481c-bc20-613f26e3356c"},"type":"OpenApiConnection","inputs":{"host":{"apiId":"/providers/Microsoft.PowerApps/apis/shared_sharepointonline","connectionName":"shared_sharepointonline","operationId":"PatchItem"},"parameters":{"dataset":"https://alonsogan.sharepoint.com/sites/suppliers","table":"778db02f-7052-4478-86e4-c0545927aea4","id":"@triggerBody()['number']","item/StatusProcess/Value":"@variables('updateApproval')","item/Responsible":"@variables('responsibleUser')","item/ApprovalComment":"@{variables('user')}: @{variables('approvalComment')}","item/ThirdPartyEmail":"@variables('responsibleEmail')"},"authentication":{"value":"@json(decodeBase64(triggerOutputs().headers['X-MS-APIM-Tokens']))['$ConnectionKey']","type":"Raw"}}}}},"expression":{"and":[{"equals":["@variables('responsibleUser')","@null"]},{"equals":["@variables('approvalComment')","@null"]},{"equals":["@empty(variables('responsibleUser'))","@true"]},{"equals":["@empty(variables('approvalComment'))","@true"]}]},"metadata":{"operationMetadataId":"d9fbf36e-a9e1-40eb-9f35-4a5d4d656ceb"},"type":"If"},"Condition_7":{"actions":{"Update_item_3":{"runAfter":{},"metadata":{"operationMetadataId":"c0446826-1093-4833-bce2-ce4fce9f5fbd"},"type":"OpenApiConnection","inputs":{"host":{"apiId":"/providers/Microsoft.PowerApps/apis/shared_sharepointonline","connectionName":"shared_sharepointonline","operationId":"PatchItem"},"parameters":{"dataset":"https://alonsogan.sharepoint.com/sites/suppliers","table":"ab3b69e9-39b2-444c-89ed-c7fe6d11cea2","id":"@outputs('Get_item_2')?['body/ID']","item/OData__x0031__000_Status/Value":"@variables('authorized')","item/OData__x0030__000_AcceptConditions":false,"item/OData__x0030__001_HasTheCompanyMetAllI":false,"item/OData__x0030__010_HasTheCompanyMetAllI":false,"item/OData__x0030__001_QualityAssuranceCert":false},"authentication":{"value":"@json(decodeBase64(triggerOutputs().headers['X-MS-APIM-Tokens']))['$ConnectionKey']","type":"Raw"}}}},"runAfter":{"Condition_6":["Succeeded"]},"expression":{"or":[{"equals":["@variables('authorized')","Authorized"]},{"equals":["@variables('authorized')","Not Authorized"]}]},"metadata":{"operationMetadataId":"e6554c7c-e8a1-417b-a8ec-f84b6cf91c29"},"type":"If"},"Terminate_2":{"runAfter":{"Condition_7":["Succeeded"]},"metadata":{"operationMetadataId":"6006ff6d-f44a-4592-b4af-2e59d3526d75"},"type":"Terminate","inputs":{"runStatus":"Succeeded"}}}},"connectionReferences":{"shared_sharepointonline":{"connectionName":"shared-sharepointonl-09c0cf9a-4966-4bce-b8f2-8f8a4c45f4b8","source":"Invoker","id":"/providers/Microsoft.PowerApps/apis/shared_sharepointonline","tier":"NotSpecified"}},"flowFailureAlertSubscribed":false,"isManaged":false}}