{"name":"9c10e35a-b72c-4733-8784-4cb70aa07cab","id":"/providers/Microsoft.Flow/flows/9c10e35a-b72c-4733-8784-4cb70aa07cab","type":"Microsoft.Flow/flows","properties":{"apiId":"/providers/Microsoft.PowerApps/apis/shared_logicflows","displayName":"BackOffice - when an item is created in processAux","definition":{"metadata":{"workflowEntityId":null,"processAdvisorMetadata":null,"flowChargedByPaygo":null,"flowclientsuspensionreason":"None","flowclientsuspensiontime":null,"flowclientsuspensionreasondetails":null,"creator":{"id":"a6a09596-4977-4983-90ab-a9444eff3845","type":"User","tenantId":"bbcd7dc9-e3e1-4af6-bf83-177e900e272b"},"provisioningMethod":"FromDefinition","failureAlertSubscription":true,"clientLastModifiedTime":"2024-03-03T21:02:02.1449998Z","connectionKeySavedTimeKey":"2024-03-03T21:02:02.1449998Z"},"$schema":"https://schema.management.azure.com/providers/Microsoft.Logic/schemas/2016-06-01/workflowdefinition.json#","contentVersion":"1.0.0.0","parameters":{"$connections":{"defaultValue":{},"type":"Object"},"$authentication":{"defaultValue":{},"type":"SecureObject"}},"triggers":{"When_an_item_is_created":{"recurrence":{"frequency":"Minute","interval":5},"splitOn":"@triggerOutputs()?['body/value']","metadata":{"operationMetadataId":"b4a7194e-b074-4a7b-9f51-ed998fa469ca"},"type":"OpenApiConnection","inputs":{"host":{"apiId":"/providers/Microsoft.PowerApps/apis/shared_sharepointonline","connectionName":"shared_sharepointonline","operationId":"GetOnNewItems"},"parameters":{"dataset":"https://alonsogan.sharepoint.com/sites/suppliers","table":"dd6ed724-6ffe-4c5d-9b65-9378edf844f5"},"authentication":"@parameters('$authentication')"}}},"actions":{"Get_item":{"runAfter":{"Initialize_variable":["Succeeded"]},"metadata":{"operationMetadataId":"11ca5a8e-5545-4b62-9cfb-56605875422e"},"type":"OpenApiConnection","inputs":{"host":{"apiId":"/providers/Microsoft.PowerApps/apis/shared_sharepointonline","connectionName":"shared_sharepointonline","operationId":"GetItem"},"parameters":{"dataset":"https://alonsogan.sharepoint.com/sites/suppliers","table":"778db02f-7052-4478-86e4-c0545927aea4","id":"@triggerOutputs()?['body/ProcessID']"},"authentication":"@parameters('$authentication')"}},"Create_new_folder":{"runAfter":{"Get_item":["Succeeded"]},"metadata":{"operationMetadataId":"77b377ed-6aec-4871-8b3b-2519cd08beb8"},"type":"OpenApiConnection","inputs":{"host":{"apiId":"/providers/Microsoft.PowerApps/apis/shared_sharepointonline","connectionName":"shared_sharepointonline","operationId":"CreateNewFolder"},"parameters":{"dataset":"https://alonsogan.sharepoint.com/sites/suppliers","table":"c9516dc4-66d9-488c-933f-ae95a9a42875","parameters/path":"@{triggerOutputs()?['body/SupplierID']}/Internal"},"authentication":"@parameters('$authentication')"}},"Get_item-supplier":{"runAfter":{"Create_new_folder":["Succeeded"]},"metadata":{"operationMetadataId":"db902bf5-42bc-4a80-8fb6-e85cb6c0dbe2"},"type":"OpenApiConnection","inputs":{"host":{"apiId":"/providers/Microsoft.PowerApps/apis/shared_sharepointonline","connectionName":"shared_sharepointonline","operationId":"GetItem"},"parameters":{"dataset":"https://alonsogan.sharepoint.com/sites/suppliers","table":"ab3b69e9-39b2-444c-89ed-c7fe6d11cea2","id":"@triggerOutputs()?['body/SupplierID']"},"authentication":"@parameters('$authentication')"}},"create_task":{"runAfter":{"Get_item-supplier":["Succeeded"]},"cases":{"Case_Register_Supplier":{"case":"Onboarding Supplier","actions":{"Create_item":{"runAfter":{},"metadata":{"operationMetadataId":"a7524be6-f12b-4792-90c7-ccfee714f01c"},"type":"OpenApiConnection","inputs":{"host":{"apiId":"/providers/Microsoft.PowerApps/apis/shared_sharepointonline","connectionName":"shared_sharepointonline","operationId":"PostItem"},"parameters":{"dataset":"https://alonsogan.sharepoint.com/sites/suppliers","table":"4738ad50-0729-4298-be62-ad1cb5c57b4c","item/Title":"Onboarding supplier task created","item/TaskDescription":"Supplier created as onboarding task","item/TaskType1/Value":"Fill in supplier information","item/ProcessID/Id":"@outputs('Get_item')?['body/ID']","item/InternalAccountableID/Id":"@outputs('Get_item')?['body/InternalAccountableID/Id']","item/ExternalAccountableID/Id":"@outputs('Get_item-supplier')?['body/UserSupplierID/Id']"},"authentication":"@parameters('$authentication')"}}}},"Case_Generic_Request":{"case":"Generic Task","actions":{"Create_item_2":{"runAfter":{},"metadata":{"operationMetadataId":"0ad6b6fd-0659-4fa3-83d3-3cf0c74ed8fe"},"type":"OpenApiConnection","inputs":{"host":{"apiId":"/providers/Microsoft.PowerApps/apis/shared_sharepointonline","connectionName":"shared_sharepointonline","operationId":"PostItem"},"parameters":{"dataset":"https://alonsogan.sharepoint.com/sites/suppliers","table":"4738ad50-0729-4298-be62-ad1cb5c57b4c","item/Title":"Generic request created","item/TaskDescription":"Generic request created - @{outputs('Get_item')?['body/Message']}","item/TaskType1/Value":"Review requested","item/ProcessID/Id":"@outputs('Get_item')?['body/ID']","item/InternalAccountableID/Id":"@outputs('Get_item')?['body/InternalAccountableID/Id']","item/ExternalAccountableID/Id":"@outputs('Get_item-supplier')?['body/UserSupplierID/Id']"},"authentication":"@parameters('$authentication')"}}}}},"default":{"actions":{}},"expression":"@outputs('Get_item')?['body/ProcessType/Value']","metadata":{"operationMetadataId":"6b1beef6-f0a1-482d-8066-a55403255f04"},"type":"Switch"},"Get_item-vendor":{"runAfter":{"create_task":["Succeeded"]},"metadata":{"operationMetadataId":"b30dc158-35f4-44e0-b5bd-665b13fc4623"},"type":"OpenApiConnection","inputs":{"host":{"apiId":"/providers/Microsoft.PowerApps/apis/shared_sharepointonline","connectionName":"shared_sharepointonline","operationId":"GetItem"},"parameters":{"dataset":"https://alonsogan.sharepoint.com/sites/suppliers","table":"cc1bbcc9-9aaf-438c-bfbb-f395e3c66b5f","id":"@outputs('Get_item-supplier')?['body/InternalUserID/Id']"},"authentication":"@parameters('$authentication')"}},"get_vendor_manager_id":{"actions":{"Send_an_HTTP_request_to_SharePoint":{"runAfter":{},"metadata":{"operationMetadataId":"939eb4aa-b5e4-4a69-817d-54d8d2d055fc"},"type":"OpenApiConnection","inputs":{"host":{"apiId":"/providers/Microsoft.PowerApps/apis/shared_sharepointonline","connectionName":"shared_sharepointonline","operationId":"HttpRequest"},"parameters":{"dataset":"https://alonsogan.sharepoint.com/sites/suppliers","parameters/method":"GET","parameters/uri":"_api/Web/SiteUsers?$select=Id&$filter=Email eq '@{outputs('Get_item-vendor')?['body/InternalUserName/Email']}'","parameters/headers":{"Accept":"application/json;odata=nometadata"}},"authentication":"@parameters('$authentication')"}},"vendorId":{"runAfter":{"Send_an_HTTP_request_to_SharePoint":["Succeeded"]},"metadata":{"operationMetadataId":"76676044-2e30-4dd3-81ab-0b3fc6398a0c"},"type":"Compose","inputs":"@body('Send_an_HTTP_request_to_SharePoint')['value'][0]['Id']"}},"runAfter":{"Get_item-vendor":["Succeeded"]},"metadata":{"operationMetadataId":"9ef587d5-aad4-4141-919d-f5f1ef8fa0b8"},"type":"Scope"},"get_unit_administrator_id":{"actions":{"unitAdministratorEmail":{"runAfter":{"Get_items_unit_administrator":["Succeeded"]},"metadata":{"operationMetadataId":"561f2f23-27bf-461c-a592-98e934c7161b"},"type":"Compose","inputs":"@outputs('Get_items_unit_administrator')?['body/value'][0]['InternalUserName/Email']"},"Send_an_HTTP_request_to_SharePoint_2":{"runAfter":{"unitAdministratorEmail":["Succeeded"]},"metadata":{"operationMetadataId":"b56cfcc7-39ec-4ac1-8478-3636c91bb9eb"},"type":"OpenApiConnection","inputs":{"host":{"apiId":"/providers/Microsoft.PowerApps/apis/shared_sharepointonline","connectionName":"shared_sharepointonline","operationId":"HttpRequest"},"parameters":{"dataset":"https://alonsogan.sharepoint.com/sites/suppliers","parameters/method":"GET","parameters/uri":"_api/Web/SiteUsers?$select=Id&$filter=Email eq '@{outputs('unitAdministratorEmail')}'","parameters/headers":{"Accept":"application/json;odata=nometadata"}},"authentication":"@parameters('$authentication')"}},"unitAdministratorId":{"runAfter":{"Send_an_HTTP_request_to_SharePoint_2":["Succeeded"]},"metadata":{"operationMetadataId":"2c09cd77-263e-45ef-bb91-d625781a5354"},"type":"Compose","inputs":"@body('Send_an_HTTP_request_to_SharePoint_2')['value'][0]['Id']"},"Get_items_unit_administrator":{"runAfter":{},"metadata":{"operationMetadataId":"a5f9528f-1d1d-442a-8954-eeaf63c8b3ba"},"type":"OpenApiConnection","inputs":{"host":{"apiId":"/providers/Microsoft.PowerApps/apis/shared_sharepointonline","connectionName":"shared_sharepointonline","operationId":"GetItems"},"parameters":{"dataset":"https://alonsogan.sharepoint.com/sites/suppliers","table":"cc1bbcc9-9aaf-438c-bfbb-f395e3c66b5f","$filter":"Rol eq 'Unit administrator'","$top":1},"authentication":"@parameters('$authentication')"}}},"runAfter":{"get_vendor_manager_id":["Succeeded"]},"metadata":{"operationMetadataId":"c5a175e0-f125-44c3-aa22-28867b82b919"},"type":"Scope"},"get_folder_id":{"actions":{"Get_folder-id":{"runAfter":{},"metadata":{"operationMetadataId":"e433fec7-2b77-4707-80f7-2392d9633603"},"type":"OpenApiConnection","inputs":{"host":{"apiId":"/providers/Microsoft.PowerApps/apis/shared_sharepointonline","connectionName":"shared_sharepointonline","operationId":"HttpRequest"},"parameters":{"dataset":"https://alonsogan.sharepoint.com/sites/suppliers","parameters/method":"GET","parameters/uri":"_api/web/GetFolderByServerRelativeUrl('/sites/suppliers/SuppliersDocumentation/@{triggerOutputs()?['body/SupplierID']}')/listitemallfields/Id","parameters/headers":{"Accept":"application/json;odata=nometadata"}},"authentication":"@parameters('$authentication')"}},"getFolderId":{"runAfter":{"Get_folder-id":["Succeeded"]},"metadata":{"operationMetadataId":"2e916774-b8ea-413e-91c1-fad6fe5842f0"},"type":"Compose","inputs":"@body('Get_folder-id')['value']"}},"runAfter":{"get_unit_administrator_id":["Succeeded"]},"metadata":{"operationMetadataId":"6cd213fe-1025-4712-ba72-1570ee366962"},"type":"Scope"},"break_permissions":{"actions":{"Break_supplier_item_id":{"runAfter":{},"metadata":{"operationMetadataId":"0c90afd1-879c-49c6-b317-c11e024b6506"},"type":"OpenApiConnection","inputs":{"host":{"apiId":"/providers/Microsoft.PowerApps/apis/shared_sharepointonline","connectionName":"shared_sharepointonline","operationId":"HttpRequest"},"parameters":{"dataset":"https://alonsogan.sharepoint.com/sites/suppliers","parameters/method":"POST","parameters/uri":"_api/lists/getByTitle('Suppliers')/items(@{outputs('Get_item-supplier')?['body/ID']})/breakroleinheritance(copyRoleAssignments=false,clearSubscopes=true)"},"authentication":"@parameters('$authentication')"}},"Break_process_item_id":{"runAfter":{"Break_supplier_item_id":["Succeeded"]},"metadata":{"operationMetadataId":"13e98d29-46df-4040-a45a-ff84cfe53528"},"type":"OpenApiConnection","inputs":{"host":{"apiId":"/providers/Microsoft.PowerApps/apis/shared_sharepointonline","connectionName":"shared_sharepointonline","operationId":"HttpRequest"},"parameters":{"dataset":"https://alonsogan.sharepoint.com/sites/suppliers","parameters/method":"POST","parameters/uri":"_api/lists/getByTitle('Process')/items(@{triggerOutputs()?['body/ProcessID']})/breakroleinheritance(copyRoleAssignments=false,clearSubscopes=true)"},"authentication":"@parameters('$authentication')"}},"Break_folder_permissions":{"runAfter":{"Break_process_item_id":["Succeeded"]},"metadata":{"operationMetadataId":"3d7acccc-a587-41d6-8492-47d4cef1a65b"},"type":"OpenApiConnection","inputs":{"host":{"apiId":"/providers/Microsoft.PowerApps/apis/shared_sharepointonline","connectionName":"shared_sharepointonline","operationId":"HttpRequest"},"parameters":{"dataset":"https://alonsogan.sharepoint.com/sites/suppliers","parameters/method":"POST","parameters/uri":"_api/lists/getByTitle('SuppliersDocumentation')/items(@{outputs('Create_new_folder')?['body/ID']})/breakroleinheritance(copyRoleAssignments=false,clearSubscopes=true)"},"authentication":"@parameters('$authentication')"}},"Break_folder_permissions_3":{"runAfter":{"Break_folder_permissions":["Succeeded"]},"metadata":{"operationMetadataId":"778b4b25-b67e-4b8a-bc58-3fec2a9e8057"},"type":"OpenApiConnection","inputs":{"host":{"apiId":"/providers/Microsoft.PowerApps/apis/shared_sharepointonline","connectionName":"shared_sharepointonline","operationId":"HttpRequest"},"parameters":{"dataset":"https://alonsogan.sharepoint.com/sites/suppliers","parameters/method":"POST","parameters/uri":"_api/lists/getByTitle('SuppliersDocumentation')/items(@{outputs('getFolderId')})/breakroleinheritance(copyRoleAssignments=false,clearSubscopes=true)"},"authentication":"@parameters('$authentication')"}}},"runAfter":{"get_folder_id":["Succeeded"]},"metadata":{"operationMetadataId":"29298a5c-2879-44b1-9660-5eebedb96c36"},"type":"Scope"},"add_permissions":{"actions":{"Add_permissions_supplier_-_vendor":{"runAfter":{},"metadata":{"operationMetadataId":"c4ea4b52-980e-44b8-ae62-fcfd923e1323"},"type":"OpenApiConnection","inputs":{"host":{"apiId":"/providers/Microsoft.PowerApps/apis/shared_sharepointonline","connectionName":"shared_sharepointonline","operationId":"HttpRequest"},"parameters":{"dataset":"https://alonsogan.sharepoint.com/sites/suppliers","parameters/method":"POST","parameters/uri":"_api/lists/getByTitle('Suppliers')/items(@{triggerOutputs()?['body/SupplierID']})/roleassignments/addroleassignment(principalid=@{outputs('vendorId')},roledefid=1073741830)"},"authentication":"@parameters('$authentication')"}},"Add_permissions_supplier_-_unitAdmin":{"runAfter":{"Add_permissions_supplier_-_vendor":["Succeeded"]},"metadata":{"operationMetadataId":"25f5b716-c956-4a39-8957-4cc354e63375"},"type":"OpenApiConnection","inputs":{"host":{"apiId":"/providers/Microsoft.PowerApps/apis/shared_sharepointonline","connectionName":"shared_sharepointonline","operationId":"HttpRequest"},"parameters":{"dataset":"https://alonsogan.sharepoint.com/sites/suppliers","parameters/method":"POST","parameters/uri":"_api/lists/getByTitle('Suppliers')/items(@{triggerOutputs()?['body/SupplierID']})/roleassignments/addroleassignment(principalid=@{outputs('unitAdministratorId')},roledefid=1073741830)"},"authentication":"@parameters('$authentication')"}},"Add_permissions_process_-_vendor":{"runAfter":{"Add_permissions_supplier_-_unitAdmin":["Succeeded"]},"metadata":{"operationMetadataId":"09a713d1-c04c-467c-8814-09c72bd0db94"},"type":"OpenApiConnection","inputs":{"host":{"apiId":"/providers/Microsoft.PowerApps/apis/shared_sharepointonline","connectionName":"shared_sharepointonline","operationId":"HttpRequest"},"parameters":{"dataset":"https://alonsogan.sharepoint.com/sites/suppliers","parameters/method":"POST","parameters/uri":"_api/lists/getByTitle('Process')/items(@{triggerOutputs()?['body/ProcessID']})/roleassignments/addroleassignment(principalid=@{outputs('vendorId')},roledefid=1073741830)"},"authentication":"@parameters('$authentication')"}},"Add_permissions_process_-_unitAdmin":{"runAfter":{"Add_permissions_process_-_vendor":["Succeeded"]},"metadata":{"operationMetadataId":"22a31334-7ede-4b35-ab6c-bd8baa7b30a3"},"type":"OpenApiConnection","inputs":{"host":{"apiId":"/providers/Microsoft.PowerApps/apis/shared_sharepointonline","connectionName":"shared_sharepointonline","operationId":"HttpRequest"},"parameters":{"dataset":"https://alonsogan.sharepoint.com/sites/suppliers","parameters/method":"POST","parameters/uri":"_api/lists/getByTitle('Process')/items(@{triggerOutputs()?['body/ProcessID']})/roleassignments/addroleassignment(principalid=@{outputs('unitAdministratorId')},roledefid=1073741830)"},"authentication":"@parameters('$authentication')"}},"Add_permissions_folder_-_vendor":{"runAfter":{"Add_permissions_process_-_unitAdmin":["Succeeded"]},"metadata":{"operationMetadataId":"2edba562-cc81-46f5-9f54-6e80f31c4701"},"type":"OpenApiConnection","inputs":{"host":{"apiId":"/providers/Microsoft.PowerApps/apis/shared_sharepointonline","connectionName":"shared_sharepointonline","operationId":"HttpRequest"},"parameters":{"dataset":"https://alonsogan.sharepoint.com/sites/suppliers","parameters/method":"POST","parameters/uri":"_api/lists/getByTitle('SuppliersDocumentation')/items(@{outputs('getFolderId')})/roleassignments/addroleassignment(principalid=@{outputs('vendorId')},roledefid=1073741830)"},"authentication":"@parameters('$authentication')"}},"Send_an_HTTP_request_to_SharePoint_3":{"runAfter":{"Add_permissions_folder_-_vendor":["Succeeded"]},"metadata":{"operationMetadataId":"c13ad085-b4da-4983-ac06-010ebab33787"},"type":"OpenApiConnection","inputs":{"host":{"apiId":"/providers/Microsoft.PowerApps/apis/shared_sharepointonline","connectionName":"shared_sharepointonline","operationId":"HttpRequest"},"parameters":{"dataset":"https://alonsogan.sharepoint.com/sites/suppliers","parameters/method":"POST","parameters/uri":"_api/lists/getByTitle('SuppliersDocumentation')/items(@{outputs('getFolderId')})/roleassignments/addroleassignment(principalid=@{outputs('unitAdministratorId')},roledefid=1073741830)"},"authentication":"@parameters('$authentication')"}}},"runAfter":{"break_permissions":["Succeeded"]},"metadata":{"operationMetadataId":"b4821c8c-e2e9-41e4-bac8-32170f62404f"},"type":"Scope"},"Delete_item":{"runAfter":{"add_permissions":["Succeeded"]},"metadata":{"operationMetadataId":"4bbf0088-9425-47ea-89b8-6cd896ec7100"},"type":"OpenApiConnection","inputs":{"host":{"apiId":"/providers/Microsoft.PowerApps/apis/shared_sharepointonline","connectionName":"shared_sharepointonline","operationId":"DeleteItem"},"parameters":{"dataset":"https://alonsogan.sharepoint.com/sites/suppliers","table":"dd6ed724-6ffe-4c5d-9b65-9378edf844f5","id":"@triggerOutputs()?['body/ID']"},"authentication":"@parameters('$authentication')"}},"Initialize_variable":{"runAfter":{},"metadata":{"operationMetadataId":"0ba0979d-1ec6-4592-a36d-ebb47ef8c015"},"type":"InitializeVariable","inputs":{"variables":[{"name":"unitAdministrator","type":"string","value":"Unit administrator"}]}}},"outputs":{}},"connectionReferences":{"shared_sharepointonline":{"connectionName":"shared-sharepointonl-09c0cf9a-4966-4bce-b8f2-8f8a4c45f4b8","source":"Embedded","id":"/providers/Microsoft.PowerApps/apis/shared_sharepointonline","tier":"NotSpecified"}},"flowFailureAlertSubscribed":false,"isManaged":false}}