{"name":"9a167d15-fe24-4877-b1dd-ae4932521119","id":"/providers/Microsoft.Flow/flows/9a167d15-fe24-4877-b1dd-ae4932521119","type":"Microsoft.Flow/flows","properties":{"apiId":"/providers/Microsoft.PowerApps/apis/shared_logicflows","displayName":"BackOffice - When an item is created in Process table","definition":{"metadata":{"workflowEntityId":null,"processAdvisorMetadata":null,"flowChargedByPaygo":null,"flowclientsuspensionreason":"None","flowclientsuspensiontime":null,"flowclientsuspensionreasondetails":null,"creator":{"id":"a6a09596-4977-4983-90ab-a9444eff3845","type":"User","tenantId":"bbcd7dc9-e3e1-4af6-bf83-177e900e272b"},"provisioningMethod":"FromDefinition","failureAlertSubscription":true,"clientLastModifiedTime":"2024-02-25T12:43:48.3894974Z","connectionKeySavedTimeKey":"2024-02-25T12:43:48.3894974Z"},"$schema":"https://schema.management.azure.com/providers/Microsoft.Logic/schemas/2016-06-01/workflowdefinition.json#","contentVersion":"1.0.0.0","parameters":{"$authentication":{"defaultValue":{},"type":"SecureObject"},"$connections":{"defaultValue":{},"type":"Object"}},"triggers":{"Cuando_se_crea_un_elemento":{"recurrence":{"frequency":"Minute","interval":5},"splitOn":"@triggerOutputs()?['body/value']","metadata":{"operationMetadataId":"cff238d9-dbba-449c-a529-a2112d6402b7"},"type":"OpenApiConnection","inputs":{"parameters":{"dataset":"https://alonsogan.sharepoint.com/sites/suppliers","table":"778db02f-7052-4478-86e4-c0545927aea4"},"host":{"apiId":"/providers/Microsoft.PowerApps/apis/shared_sharepointonline","connectionName":"shared_sharepointonline","operationId":"GetOnNewItems"},"authentication":"@parameters('$authentication')"}}},"actions":{"Retraso":{"runAfter":{},"metadata":{"operationMetadataId":"3d7efa5d-0964-4180-b4ca-1cf8a7406e6a"},"type":"Wait","inputs":{"interval":{"count":10,"unit":"Second"}}},"Get_item":{"runAfter":{"Retraso":["Succeeded"]},"metadata":{"operationMetadataId":"2504034d-46d1-45fa-8330-37b1a158a17e"},"type":"OpenApiConnection","inputs":{"parameters":{"dataset":"https://alonsogan.sharepoint.com/sites/suppliers","table":"ab3b69e9-39b2-444c-89ed-c7fe6d11cea2","id":"@triggerOutputs()?['body/SupplierID/Id']"},"host":{"apiId":"/providers/Microsoft.PowerApps/apis/shared_sharepointonline","connectionName":"shared_sharepointonline","operationId":"GetItem"},"authentication":"@parameters('$authentication')"}},"Create_item_auxProcessList":{"runAfter":{"Get_item":["Succeeded"]},"metadata":{"operationMetadataId":"4d304a81-73ab-44b6-931f-02654a53943d"},"type":"OpenApiConnection","inputs":{"parameters":{"dataset":"https://alonsogan.sharepoint.com/sites/suppliers","table":"dd6ed724-6ffe-4c5d-9b65-9378edf844f5","item/Title":"@outputs('Get_item')?['body/OData__x0030__000_Name']","item/SupplierID":"@outputs('Get_item')?['body/ID']","item/ProcessID":"@triggerOutputs()?['body/ID']"},"host":{"apiId":"/providers/Microsoft.PowerApps/apis/shared_sharepointonline","connectionName":"shared_sharepointonline","operationId":"PostItem"},"authentication":"@parameters('$authentication')"}},"Scope":{"actions":{"Compose":{"metadata":{"operationMetadataId":"29c2f34c-544d-4d4f-91fe-cf822b3d2932"},"type":"Compose","inputs":"@outputs('Get_item')?['body/UserSupplierID_x003a_Name']"},"userSupplier":{"runAfter":{"Compose":["Succeeded"]},"metadata":{"operationMetadataId":"6385845b-9cb8-427c-96bf-f0bbfe3e04eb"},"type":"OpenApiConnection","inputs":{"parameters":{"dataset":"https://alonsogan.sharepoint.com/sites/suppliers","table":"a8b0d2ce-cd5d-4b01-89b8-a7a67434ae75","id":"@outputs('Get_item')?['body/UserSupplierID/Id']"},"host":{"apiId":"/providers/Microsoft.PowerApps/apis/shared_sharepointonline","connectionName":"shared_sharepointonline","operationId":"GetItem"},"authentication":"@parameters('$authentication')"}},"internalUserVendor":{"runAfter":{"Compose":["Succeeded"]},"metadata":{"operationMetadataId":"b9ae38ac-a8c4-4d08-8b61-3443c1d9cccd"},"type":"OpenApiConnection","inputs":{"parameters":{"dataset":"https://alonsogan.sharepoint.com/sites/suppliers","table":"cc1bbcc9-9aaf-438c-bfbb-f395e3c66b5f","id":"@outputs('Get_item')?['body/InternalUserID/Id']"},"host":{"apiId":"/providers/Microsoft.PowerApps/apis/shared_sharepointonline","connectionName":"shared_sharepointonline","operationId":"GetItem"},"authentication":"@parameters('$authentication')"}},"vendorEmail":{"runAfter":{"userSupplier":["Succeeded"],"internalUserVendor":["Succeeded"]},"metadata":{"operationMetadataId":"7bf1d3ad-3ccd-4609-9db7-15adac8ca0a2"},"type":"Compose","inputs":"@outputs('internalUserVendor')?['body/InternalUserName/Email']"},"userSupplierEmail":{"runAfter":{"vendorEmail":["Succeeded"]},"metadata":{"operationMetadataId":"778d9175-986a-4bcd-9f02-5cd41cc466f1"},"type":"Compose","inputs":"@outputs('userSupplier')?['body/Email']"}},"runAfter":{"Create_item_auxProcessList":["Succeeded"]},"metadata":{"operationMetadataId":"3c23783a-e764-4c82-b39d-07c6ba6364ed"},"type":"Scope"},"Update_item":{"runAfter":{"Scope":["Succeeded"]},"metadata":{"operationMetadataId":"28533762-3b0e-4040-806c-0ec25eb1afc0"},"type":"OpenApiConnection","inputs":{"parameters":{"dataset":"https://alonsogan.sharepoint.com/sites/suppliers","table":"778db02f-7052-4478-86e4-c0545927aea4","id":"@triggerOutputs()?['body/ID']","item/Title":"Process (@{triggerOutputs()?['body/ID']})"},"host":{"apiId":"/providers/Microsoft.PowerApps/apis/shared_sharepointonline","connectionName":"shared_sharepointonline","operationId":"PatchItem"},"authentication":"@parameters('$authentication')"}},"Switch":{"runAfter":{"Update_item":["Succeeded"]},"cases":{"Case_Register_Supplier":{"case":"Onboarding Supplier","actions":{"Scope_register_supplier":{"actions":{"url":{"metadata":{"operationMetadataId":"cac20e4c-3dd5-4902-974a-6386049a1a17"},"type":"Compose","inputs":"<p>@{outputs('internalUserVendor')?['body/InternalUserName/DisplayName']} has created your user in our system, please <a href=\"http://localhost:3000/create-account?email=@{outputs('userSupplier')?['body/Email']}&idUser=@{outputs('userSupplier')?['body/ID']}&businessUnit=supplier\">fill in your profile to complete the information</a></p>"},"Send_an_email_(V2)_to_supplier":{"runAfter":{"url":["Succeeded"]},"metadata":{"operationMetadataId":"723fd342-5cd1-430d-9328-3e5104beef74"},"type":"OpenApiConnection","inputs":{"parameters":{"emailMessage/To":"@outputs('userSupplierEmail')","emailMessage/Subject":"Fill in supplier information","emailMessage/Body":"@outputs('url')","emailMessage/Importance":"Normal"},"host":{"apiId":"/providers/Microsoft.PowerApps/apis/shared_office365","connectionName":"shared_office365","operationId":"SendEmailV2"},"authentication":"@parameters('$authentication')"}}},"metadata":{"operationMetadataId":"8e68b8ab-3bc1-4801-9052-92e53b7f96ef"},"type":"Scope"}}},"Case":{"case":"Generic Task","actions":{"Scope_generic_request":{"actions":{"Send_an_email_(V2)_to_supplier_2":{"metadata":{"operationMetadataId":"4e913193-f3d4-429b-8783-adeb83aef789"},"type":"OpenApiConnection","inputs":{"parameters":{"emailMessage/To":"@outputs('userSupplierEmail')","emailMessage/Subject":"Generic request","emailMessage/Body":"<p>@{triggerOutputs()?['body/Message']}</p>","emailMessage/Importance":"Normal"},"host":{"apiId":"/providers/Microsoft.PowerApps/apis/shared_office365","connectionName":"shared_office365","operationId":"SendEmailV2"},"authentication":"@parameters('$authentication')"}}},"metadata":{"operationMetadataId":"8add7a89-655a-45f1-9535-4b08b8e07f04"},"type":"Scope"}}}},"default":{"actions":{}},"expression":"@triggerOutputs()?['body/ProcessType/Value']","metadata":{"operationMetadataId":"46f60e97-3927-4f8c-aa7a-afa5907d2d03"},"type":"Switch"}},"outputs":{}},"connectionReferences":{"shared_sharepointonline":{"connectionName":"shared-sharepointonl-09c0cf9a-4966-4bce-b8f2-8f8a4c45f4b8","source":"Embedded","id":"/providers/Microsoft.PowerApps/apis/shared_sharepointonline","tier":"NotSpecified"},"shared_office365":{"connectionName":"shared-office365-2c494bbc-3ced-49c7-8b03-79c974f74d84","source":"Embedded","id":"/providers/Microsoft.PowerApps/apis/shared_office365","tier":"NotSpecified"}},"flowFailureAlertSubscribed":false,"isManaged":false}}