{"name":"0ffc5143-24c9-4a69-ade5-f8e2b4546e52","id":"/providers/Microsoft.Flow/flows/0ffc5143-24c9-4a69-ade5-f8e2b4546e52","type":"Microsoft.Flow/flows","properties":{"apiId":"/providers/Microsoft.PowerApps/apis/shared_logicflows","displayName":"BackOffice - When a task is created","definition":{"metadata":{"workflowEntityId":null,"processAdvisorMetadata":null,"flowChargedByPaygo":null,"flowclientsuspensionreason":"None","flowclientsuspensiontime":null,"flowclientsuspensionreasondetails":null,"creator":{"id":"a6a09596-4977-4983-90ab-a9444eff3845","type":"User","tenantId":"bbcd7dc9-e3e1-4af6-bf83-177e900e272b"},"provisioningMethod":"FromDefinition","failureAlertSubscription":true,"clientLastModifiedTime":"2024-01-05T20:11:05.7368696Z","connectionKeySavedTimeKey":"2024-01-05T20:11:05.7368696Z"},"$schema":"https://schema.management.azure.com/providers/Microsoft.Logic/schemas/2016-06-01/workflowdefinition.json#","contentVersion":"1.0.0.0","parameters":{"$connections":{"defaultValue":{},"type":"Object"},"$authentication":{"defaultValue":{},"type":"SecureObject"}},"triggers":{"When_an_item_is_created":{"recurrence":{"frequency":"Minute","interval":5},"splitOn":"@triggerOutputs()?['body/value']","metadata":{"operationMetadataId":"fff69ae5-4da5-460d-863f-7ae69ab75e0e"},"type":"OpenApiConnection","inputs":{"host":{"apiId":"/providers/Microsoft.PowerApps/apis/shared_sharepointonline","connectionName":"shared_sharepointonline","operationId":"GetOnNewItems"},"parameters":{"dataset":"https://alonsogan.sharepoint.com/sites/suppliers","table":"4738ad50-0729-4298-be62-ad1cb5c57b4c"},"authentication":"@parameters('$authentication')"}}},"actions":{"third":{"runAfter":{},"metadata":{"operationMetadataId":"ff27be15-d301-4f81-8ae0-3eb5101c56ac"},"type":"InitializeVariable","inputs":{"variables":[{"name":"third","type":"string","value":"Review documentation by third-party"}]}},"mail":{"runAfter":{"third":["Succeeded"]},"metadata":{"operationMetadataId":"935c503f-1bd0-4796-8a17-a0e26ad1697d"},"type":"InitializeVariable","inputs":{"variables":[{"name":"mail","type":"array"}]}},"folderMails":{"runAfter":{"mail":["Succeeded"]},"metadata":{"operationMetadataId":"d91f1287-a591-44dc-bf63-f91dd0c29b8c"},"type":"InitializeVariable","inputs":{"variables":[{"name":"folderMails","type":"array"}]}},"ResultMail":{"runAfter":{"folderMails":["Succeeded"]},"metadata":{"operationMetadataId":"1d59721b-5b3f-4f5b-a856-684d1689bf2c"},"type":"InitializeVariable","inputs":{"variables":[{"name":"ResultMail","type":"array"}]}},"Get_item_-_process":{"runAfter":{"ResultMail":["Succeeded"]},"metadata":{"operationMetadataId":"22694261-d0ae-4f23-b094-954152f701a6"},"type":"OpenApiConnection","inputs":{"host":{"apiId":"/providers/Microsoft.PowerApps/apis/shared_sharepointonline","connectionName":"shared_sharepointonline","operationId":"GetItem"},"parameters":{"dataset":"https://alonsogan.sharepoint.com/sites/suppliers","table":"778db02f-7052-4478-86e4-c0545927aea4","id":"@triggerOutputs()?['body/ProcessID/Id']"},"authentication":"@parameters('$authentication')"}},"Condition":{"actions":{"Get_item_-_supplier":{"runAfter":{},"metadata":{"operationMetadataId":"29ce1f1e-78e4-45ac-aa62-4e098d6c8cf0"},"type":"OpenApiConnection","inputs":{"host":{"apiId":"/providers/Microsoft.PowerApps/apis/shared_sharepointonline","connectionName":"shared_sharepointonline","operationId":"GetItem"},"parameters":{"dataset":"https://alonsogan.sharepoint.com/sites/suppliers","table":"ab3b69e9-39b2-444c-89ed-c7fe6d11cea2","id":"@outputs('Get_item_-_process')?['body/SupplierID_x003a_ID/Id']"},"authentication":"@parameters('$authentication')"}},"Get_folder_metadata_using_path":{"runAfter":{"Get_item_-_supplier":["Succeeded"]},"metadata":{"operationMetadataId":"f7b24f67-6168-4ed0-bfbf-7bdf088e6da0"},"type":"OpenApiConnection","inputs":{"host":{"apiId":"/providers/Microsoft.PowerApps/apis/shared_sharepointonline","connectionName":"shared_sharepointonline","operationId":"GetFolderMetadataByPath"},"parameters":{"dataset":"https://alonsogan.sharepoint.com/sites/suppliers","path":"/SuppliersDocumentation/@{outputs('Get_item_-_supplier')?['body/ID']}"},"authentication":"@parameters('$authentication')"}},"get_unit_administrator_id":{"actions":{"Get_items_unit_administrator":{"runAfter":{},"metadata":{"operationMetadataId":"335d1305-4549-4264-a5bb-7cd0bfb87b95"},"type":"OpenApiConnection","inputs":{"host":{"apiId":"/providers/Microsoft.PowerApps/apis/shared_sharepointonline","connectionName":"shared_sharepointonline","operationId":"GetItems"},"parameters":{"dataset":"https://alonsogan.sharepoint.com/sites/suppliers","table":"cc1bbcc9-9aaf-438c-bfbb-f395e3c66b5f","$filter":"Rol eq 'Unit administrator'","$top":1},"authentication":"@parameters('$authentication')"}},"unitAdministratorEmail":{"runAfter":{"Get_items_unit_administrator":["Succeeded"]},"metadata":{"operationMetadataId":"71d65a73-a005-4258-992e-2873f335fc00"},"type":"Compose","inputs":"@outputs('Get_items_unit_administrator')?['body/value'][0]['InternalUserName/Email']"},"Send_an_HTTP_request_to_SharePoint_2":{"runAfter":{"unitAdministratorEmail":["Succeeded"]},"metadata":{"operationMetadataId":"f00a1a4b-c4cc-4ef0-b35d-cc3e53411f0f"},"type":"OpenApiConnection","inputs":{"host":{"apiId":"/providers/Microsoft.PowerApps/apis/shared_sharepointonline","connectionName":"shared_sharepointonline","operationId":"HttpRequest"},"parameters":{"dataset":"https://alonsogan.sharepoint.com/sites/suppliers","parameters/method":"GET","parameters/uri":"_api/Web/SiteUsers?$select=Id&$filter=Email eq '@{outputs('unitAdministratorEmail')}'","parameters/headers":{"Accept":"application/json;odata=nometadata"}},"authentication":"@parameters('$authentication')"}},"unitAdministratorId":{"runAfter":{"Send_an_HTTP_request_to_SharePoint_2":["Succeeded"]},"metadata":{"operationMetadataId":"dd2f089d-1151-4536-83f8-1bf8cdebdb83"},"type":"Compose","inputs":"@body('Send_an_HTTP_request_to_SharePoint_2')['value'][0]['Id']"}},"runAfter":{"Get_folder_metadata_using_path":["Succeeded"]},"metadata":{"operationMetadataId":"09abee87-105c-4ae0-b96c-de816f13364d"},"type":"Scope"},"get_vendor_manager_id":{"actions":{"Send_an_HTTP_request_to_SharePoint_3":{"runAfter":{},"metadata":{"operationMetadataId":"fbaced6d-a772-44c3-a647-b74c48c153bf"},"type":"OpenApiConnection","inputs":{"host":{"apiId":"/providers/Microsoft.PowerApps/apis/shared_sharepointonline","connectionName":"shared_sharepointonline","operationId":"HttpRequest"},"parameters":{"dataset":"https://alonsogan.sharepoint.com/sites/suppliers","parameters/method":"GET","parameters/uri":"_api/Web/SiteUsers?$select=Id&$filter=Email eq '@{outputs('Get_item_-_supplier')?['body/Author/Email']}'","parameters/headers":{"Accept":"application/json;odata=nometadata"}},"authentication":"@parameters('$authentication')"}},"vendorId":{"runAfter":{"Send_an_HTTP_request_to_SharePoint_3":["Succeeded"]},"metadata":{"operationMetadataId":"4d0c4842-d93c-4e94-9918-af7926b22bbe"},"type":"Compose","inputs":"@body('Send_an_HTTP_request_to_SharePoint_3')['value'][0]['Id']"}},"runAfter":{"get_unit_administrator_id":["Succeeded"]},"metadata":{"operationMetadataId":"ca0edb67-e40e-432a-859e-8ede6ab845fd"},"type":"Scope"},"Condition_2":{"actions":{"get_third":{"actions":{"Send_an_HTTP_request_to_SharePoint":{"runAfter":{},"metadata":{"operationMetadataId":"f68d64b4-8655-4edf-becb-d7f8e0e044f8"},"type":"OpenApiConnection","inputs":{"host":{"apiId":"/providers/Microsoft.PowerApps/apis/shared_sharepointonline","connectionName":"shared_sharepointonline","operationId":"HttpRequest"},"parameters":{"dataset":"https://alonsogan.sharepoint.com/sites/suppliers","parameters/method":"GET","parameters/uri":"_api/Web/SiteUsers?$select=Id&$filter=Email eq '@{outputs('Get_item_-_process')?['body/ThirdPartyEmail']}'","parameters/headers":{"Accept":"application/json;odata=nometadata"}},"authentication":"@parameters('$authentication')"}},"thirdPartyId":{"runAfter":{"Send_an_HTTP_request_to_SharePoint":["Succeeded"]},"metadata":{"operationMetadataId":"ba51de01-3ee9-4f32-893e-8fbb3b1ab398"},"type":"Compose","inputs":"@body('Send_an_HTTP_request_to_SharePoint')['value'][0]['Id']"}},"runAfter":{},"metadata":{"operationMetadataId":"e8e07d66-a0ec-4192-9c3c-c3e74fe3cac6"},"type":"Scope"},"add_permissions":{"actions":{"Add_permissions_supplier_-_third-party":{"runAfter":{},"metadata":{"operationMetadataId":"bd4fdec4-4a4d-4162-810a-827b3c77cdcc"},"type":"OpenApiConnection","inputs":{"host":{"apiId":"/providers/Microsoft.PowerApps/apis/shared_sharepointonline","connectionName":"shared_sharepointonline","operationId":"HttpRequest"},"parameters":{"dataset":"https://alonsogan.sharepoint.com/sites/suppliers","parameters/method":"POST","parameters/uri":"_api/lists/getByTitle('Suppliers')/items(@{outputs('Get_item_-_supplier')?['body/ID']})/roleassignments/addroleassignment(principalid=@{outputs('thirdPartyId')},roledefid=1073741830)"},"authentication":"@parameters('$authentication')"}},"Add_permissions_process_-_third-party":{"runAfter":{"Add_permissions_supplier_-_third-party":["Succeeded"]},"metadata":{"operationMetadataId":"35ea22dd-84c9-4a09-8996-0827f8b9e275"},"type":"OpenApiConnection","inputs":{"host":{"apiId":"/providers/Microsoft.PowerApps/apis/shared_sharepointonline","connectionName":"shared_sharepointonline","operationId":"HttpRequest"},"parameters":{"dataset":"https://alonsogan.sharepoint.com/sites/suppliers","parameters/method":"POST","parameters/uri":"_api/lists/getByTitle('Process')/items(@{outputs('Get_item_-_process')?['body/ID']})/roleassignments/addroleassignment(principalid=@{outputs('thirdPartyId')},roledefid=1073741830)"},"authentication":"@parameters('$authentication')"}},"Add_permissions_folder_-_third-party":{"runAfter":{"Add_permissions_process_-_third-party":["Succeeded"]},"metadata":{"operationMetadataId":"ef6b1233-0ace-4f16-a7de-13901a5a6a27"},"type":"OpenApiConnection","inputs":{"host":{"apiId":"/providers/Microsoft.PowerApps/apis/shared_sharepointonline","connectionName":"shared_sharepointonline","operationId":"HttpRequest"},"parameters":{"dataset":"https://alonsogan.sharepoint.com/sites/suppliers","parameters/method":"POST","parameters/uri":"_api/lists/getByTitle('SuppliersDocumentation')/items(@{outputs('Get_folder_metadata_using_path')?['body/ItemId']})/roleassignments/addroleassignment(principalid=@{outputs('thirdPartyId')},roledefid=1073741830)"},"authentication":"@parameters('$authentication')"}}},"runAfter":{"get_third":["Succeeded"]},"metadata":{"operationMetadataId":"d7a5262b-eaaa-4015-ad1a-a4e7748dd22a"},"type":"Scope"}},"runAfter":{"get_vendor_manager_id":["Succeeded"]},"else":{"actions":{"get_mails_from_third_security_group":{"actions":{"List_group_members":{"runAfter":{},"metadata":{"operationMetadataId":"8ab2da67-59a9-4505-acfa-f692b9b97401"},"type":"OpenApiConnection","inputs":{"host":{"apiId":"/providers/Microsoft.PowerApps/apis/shared_office365groups","connectionName":"shared_office365groups","operationId":"ListGroupMembers"},"parameters":{"groupId":"bd401b3e-4dcb-4932-b857-8b83020a921a"},"authentication":"@parameters('$authentication')"}},"Save_mail_from_group_members":{"foreach":"@outputs('List_group_members')?['body/value']","actions":{"Append_to_array_variable":{"runAfter":{},"metadata":{"operationMetadataId":"defa64ea-04c2-4d5d-8231-5034d18f65e1"},"type":"AppendToArrayVariable","inputs":{"name":"mail","value":{"Mail":"@{items('Save_mail_from_group_members')?['mail']}"}}}},"runAfter":{"List_group_members":["Succeeded"]},"metadata":{"operationMetadataId":"20082bf7-966b-4077-af7c-931363368e60"},"type":"Foreach"}},"runAfter":{},"metadata":{"operationMetadataId":"1eb2f80f-70a2-43d3-b291-ed98ec9ab51a"},"type":"Scope"},"get_users_mail_from_supplier_folder":{"actions":{"Get_permissions_from_folder":{"runAfter":{},"metadata":{"operationMetadataId":"7cafa748-66fc-4f5e-9053-a4d8007741da"},"type":"OpenApiConnection","inputs":{"host":{"apiId":"/providers/Microsoft.PowerApps/apis/shared_sharepointonline","connectionName":"shared_sharepointonline","operationId":"HttpRequest"},"parameters":{"dataset":"https://alonsogan.sharepoint.com/sites/suppliers","parameters/method":"GET","parameters/uri":"_api/web/GetFolderByServerRelativeUrl('/sites/suppliers/SuppliersDocumentation/@{outputs('Get_item_-_supplier')?['body/ID']}')/listitemallfields/RoleAssignments","parameters/headers":{"Accept":"application/json;odata=nometadata"}},"authentication":"@parameters('$authentication')"}},"Save_id_and_mail_from_folder_users":{"foreach":"@body('Get_permissions_from_folder')['value']","actions":{"displayPrincipalId":{"runAfter":{},"metadata":{"operationMetadataId":"af15428a-a2b3-4cee-85a4-ba1e14e05bf5"},"type":"Compose","inputs":"@items('Save_id_and_mail_from_folder_users')['PrincipalId']"},"get_user_information":{"runAfter":{"displayPrincipalId":["Succeeded"]},"metadata":{"operationMetadataId":"4ccf97ca-fee7-4e31-8dbb-3f4e42a7a2b1"},"type":"OpenApiConnection","inputs":{"host":{"apiId":"/providers/Microsoft.PowerApps/apis/shared_sharepointonline","connectionName":"shared_sharepointonline","operationId":"HttpRequest"},"parameters":{"dataset":"https://alonsogan.sharepoint.com/sites/suppliers","parameters/method":"GET","parameters/uri":"_api/web/GetFolderByServerRelativeUrl('/sites/suppliers/SuppliersDocumentation/@{outputs('Get_item_-_supplier')?['body/ID']}')/listitemallfields/RoleAssignments/GetByPrincipalId(@{items('Save_id_and_mail_from_folder_users')['PrincipalId']})/Member","parameters/headers":{"Accept":"application/json;odata=nometadata"}},"authentication":"@parameters('$authentication')"}},"Append_to_folderMails_array":{"runAfter":{"get_user_information":["Succeeded"]},"metadata":{"operationMetadataId":"c8b1ea1e-0d28-4d62-93e8-08de821bc11e"},"type":"AppendToArrayVariable","inputs":{"name":"folderMails","value":{"principalid":"@items('Save_id_and_mail_from_folder_users')['PrincipalId']","Mail":"@{body('get_user_information')['Email']}"}}}},"runAfter":{"Get_permissions_from_folder":["Succeeded"]},"metadata":{"operationMetadataId":"9003013a-ed38-4e8e-962f-6366015d6fcf"},"type":"Foreach"}},"runAfter":{"get_mails_from_third_security_group":["Succeeded"]},"metadata":{"operationMetadataId":"a3fb5135-5605-4954-8474-9e4354dc86e4"},"type":"Scope"},"get_if_user_belongs_to_security_group":{"actions":{"user_mail_is_in_member_group":{"foreach":"@variables('folderMails')","actions":{"compare_if_user_is_in_group":{"runAfter":{},"metadata":{"operationMetadataId":"a30be4ce-618b-4b66-aecb-42f5e9655bbd"},"type":"Select","inputs":{"from":"@variables('mail')","select":"@equals(items('user_mail_is_in_member_group')['Mail'], item()['Mail'])"}},"Condition_3":{"actions":{"Append_to_ResultMail_array":{"runAfter":{},"metadata":{"operationMetadataId":"302ad3ba-65d3-49c9-b166-09ec88a8d54c"},"type":"AppendToArrayVariable","inputs":{"name":"ResultMail","value":"@items('user_mail_is_in_member_group')"}}},"runAfter":{"compare_if_user_is_in_group":["Succeeded"]},"expression":{"and":[{"not":{"equals":["@length(body('compare_if_user_is_in_group'))",0]}},{"equals":["@contains(body('compare_if_user_is_in_group'), true)","@true"]}]},"metadata":{"operationMetadataId":"6cf925db-d150-46c1-a6c6-4fe8c787b80e"},"type":"If"}},"runAfter":{},"metadata":{"operationMetadataId":"474b10d1-d561-44f4-9f55-c77324c258c5"},"type":"Foreach"},"Compose_6":{"runAfter":{"user_mail_is_in_member_group":["Succeeded"]},"metadata":{"operationMetadataId":"46553e99-16f1-4538-83cf-21e28dc73fa8"},"type":"Compose","inputs":"@variables('ResultMail')"},"remove_permissions_if_the_third_user_is_in_folder":{"actions":{"Condition_4":{"actions":{"Get_folder_metadata_using_path_2":{"runAfter":{},"metadata":{"operationMetadataId":"53fc825a-4226-44b4-9f96-3c601f761d34"},"type":"OpenApiConnection","inputs":{"host":{"apiId":"/providers/Microsoft.PowerApps/apis/shared_sharepointonline","connectionName":"shared_sharepointonline","operationId":"GetFolderMetadataByPath"},"parameters":{"dataset":"https://alonsogan.sharepoint.com/sites/suppliers","path":"/SuppliersDocumentation/@{outputs('Get_item_-_supplier')?['body/ID']}"},"authentication":"@parameters('$authentication')"}},"delete_third_user_from_folder":{"runAfter":{"Get_folder_metadata_using_path_2":["Succeeded"]},"metadata":{"operationMetadataId":"65c267b7-483d-476f-812e-4c702d943a93"},"type":"OpenApiConnection","inputs":{"host":{"apiId":"/providers/Microsoft.PowerApps/apis/shared_sharepointonline","connectionName":"shared_sharepointonline","operationId":"HttpRequest"},"parameters":{"dataset":"https://alonsogan.sharepoint.com/sites/suppliers","parameters/method":"POST","parameters/uri":"_api/lists/getByTitle('SuppliersDocumentation')/items(@{outputs('Get_folder_metadata_using_path_2')?['body/ItemId']})/roleassignments(@{outputs('Compose_6')[0]['PrincipalId']})","parameters/headers":{"X-HTTP-Method":"DELETE"}},"authentication":"@parameters('$authentication')"}},"delete_third_user_from_supplier":{"runAfter":{"delete_third_user_from_folder":["Succeeded"]},"metadata":{"operationMetadataId":"94a153eb-336f-44b0-a268-6190fbefdad9"},"type":"OpenApiConnection","inputs":{"host":{"apiId":"/providers/Microsoft.PowerApps/apis/shared_sharepointonline","connectionName":"shared_sharepointonline","operationId":"HttpRequest"},"parameters":{"dataset":"https://alonsogan.sharepoint.com/sites/suppliers","parameters/method":"POST","parameters/uri":"_api/lists/getByTitle('Suppliers')/items(@{outputs('Get_item_-_supplier')?['body/ID']})/roleassignments(@{outputs('Compose_6')[0]['PrincipalId']})","parameters/headers":{"X-HTTP-Method":"DELETE"}},"authentication":"@parameters('$authentication')"}},"delete_third_user_from_process":{"runAfter":{"delete_third_user_from_supplier":["Succeeded"]},"metadata":{"operationMetadataId":"09867acd-60f7-47ce-a67a-d8c0125d04bc"},"type":"OpenApiConnection","inputs":{"host":{"apiId":"/providers/Microsoft.PowerApps/apis/shared_sharepointonline","connectionName":"shared_sharepointonline","operationId":"HttpRequest"},"parameters":{"dataset":"https://alonsogan.sharepoint.com/sites/suppliers","parameters/method":"POST","parameters/uri":"_api/lists/getByTitle('Process')/items(@{outputs('Get_item_-_process')?['body/ID']})/roleassignments(@{outputs('Compose_6')[0]['PrincipalId']})","parameters/headers":{"X-HTTP-Method":"DELETE"}},"authentication":"@parameters('$authentication')"}}},"runAfter":{},"expression":{"not":{"equals":["@length(outputs('Compose_6'))",0]}},"metadata":{"operationMetadataId":"4cbd129c-f369-482a-beb4-aa9dfa632ca4"},"type":"If"}},"runAfter":{"Compose_6":["Succeeded"]},"metadata":{"operationMetadataId":"9336faf8-dfc4-49a5-b570-7d792f9c37e6"},"type":"Scope"}},"runAfter":{"get_users_mail_from_supplier_folder":["Succeeded"]},"metadata":{"operationMetadataId":"706eeccc-18a9-4be4-b9dc-3cc0eaa0843a"},"type":"Scope"}}},"expression":{"or":[{"equals":["@triggerOutputs()?['body/TaskType1/Value']","@variables('third')"]},{"equals":["@outputs('Get_item_-_process')?['body/StatusProcess/Value']","Pending third-party team approval"]}]},"metadata":{"operationMetadataId":"d4c2dfd0-93ee-4ace-8225-2eccb03d85e2"},"type":"If"}},"runAfter":{"Get_item_-_process":["Succeeded"]},"expression":{"equals":["@outputs('Get_item_-_process')?['body/ProcessType/Value']","Onboarding Supplier"]},"metadata":{"operationMetadataId":"1e65c7a4-3f09-48d7-a645-86372e33fa0c"},"type":"If"}}},"connectionReferences":{"shared_sharepointonline":{"connectionName":"shared-sharepointonl-09c0cf9a-4966-4bce-b8f2-8f8a4c45f4b8","source":"Embedded","id":"/providers/Microsoft.PowerApps/apis/shared_sharepointonline","tier":"NotSpecified"},"shared_office365groups":{"connectionName":"f47d442fa1504fe5b12d08f5386e4bc4","source":"Embedded","id":"/providers/Microsoft.PowerApps/apis/shared_office365groups","tier":"NotSpecified"}},"flowFailureAlertSubscribed":false,"isManaged":false}}