{"name":"641a4992-ad79-44a3-b7a4-b848585e5eec","id":"/providers/Microsoft.Flow/flows/641a4992-ad79-44a3-b7a4-b848585e5eec","type":"Microsoft.Flow/flows","properties":{"apiId":"/providers/Microsoft.PowerApps/apis/shared_logicflows","displayName":"BackOffice - Save file in SharePoint","definition":{"metadata":{"workflowEntityId":null,"processAdvisorMetadata":null,"flowChargedByPaygo":null,"flowclientsuspensionreason":"None","flowclientsuspensiontime":null,"flowclientsuspensionreasondetails":null,"creator":{"id":"a6a09596-4977-4983-90ab-a9444eff3845","type":"User","tenantId":"bbcd7dc9-e3e1-4af6-bf83-177e900e272b"},"provisioningMethod":"FromDefinition","failureAlertSubscription":true,"clientLastModifiedTime":"2023-12-20T19:04:30.2636677Z","connectionKeySavedTimeKey":"2023-12-20T19:04:12.5546811Z"},"$schema":"https://schema.management.azure.com/providers/Microsoft.Logic/schemas/2016-06-01/workflowdefinition.json#","contentVersion":"1.0.0.0","parameters":{"$authentication":{"defaultValue":{},"type":"SecureObject"},"$connections":{"defaultValue":{},"type":"Object"}},"triggers":{"manual":{"metadata":{"operationMetadataId":"5a4d0217-1ce6-4962-8b63-82f8a8c028fb"},"type":"Request","kind":"PowerAppV2","inputs":{"schema":{"type":"object","properties":{"file":{"title":"File Content","type":"object","x-ms-dynamically-added":true,"description":"Please select file or image","x-ms-content-hint":"FILE","properties":{"name":{"type":"string"},"contentBytes":{"type":"string","format":"byte"}}},"number":{"title":"SupplierID","type":"number","x-ms-dynamically-added":true,"description":"Please enter a number","x-ms-content-hint":"NUMBER"}},"required":["number"]}}}},"actions":{"Create_file":{"runAfter":{},"metadata":{"operationMetadataId":"cb3e568b-d19f-474d-82d0-6f229e273ee1"},"type":"OpenApiConnection","inputs":{"parameters":{"dataset":"https://alonsogan.sharepoint.com/sites/suppliers","folderPath":"/SuppliersDocumentation/@{triggerBody()['number']}/Internal","name":"@triggerBody()['file']['name']","body":"@triggerBody()['file']['contentBytes']"},"host":{"apiId":"/providers/Microsoft.PowerApps/apis/shared_sharepointonline","connectionName":"shared_sharepointonline","operationId":"CreateFile"},"authentication":{"value":"@json(decodeBase64(triggerOutputs().headers['X-MS-APIM-Tokens']))['$ConnectionKey']","type":"Raw"}},"runtimeConfiguration":{"contentTransfer":{"transferMode":"Chunked"}}}}},"connectionReferences":{"shared_sharepointonline":{"connectionName":"shared-sharepointonl-09c0cf9a-4966-4bce-b8f2-8f8a4c45f4b8","source":"Invoker","id":"/providers/Microsoft.PowerApps/apis/shared_sharepointonline","tier":"NotSpecified"}},"flowFailureAlertSubscribed":false,"isManaged":false}}